%time,field.header.seq,field.header.stamp,field.header.frame_id,field.voltage,field.temperature,field.current,field.charge,field.capacity,field.design_capacity,field.percentage,field.power_supply_status,field.power_supply_health,field.power_supply_technology,field.present,field.cell_voltage0,field.location,field.serial_number
1760177370183374600,10925,1760177370183189700,,12.600000381469727,0.0,-0.0,nan,nan,nan,1.0,2,0,0,1,12.600000381469727,id0,
1760177370432791900,10926,1760177370432583400,,12.600000381469727,0.0,-0.0,nan,nan,nan,1.0,2,0,0,1,12.600000381469727,id0,
1760177370678327700,10927,1760177370678105600,,12.600000381469727,0.0,-0.0,nan,nan,nan,1.0,2,0,0,1,12.600000381469727,id0,
1760177370927852800,10928,1760177370927714600,,12.600000381469727,0.0,-0.0,nan,nan,nan,1.0,2,0,0,1,12.600000381469727,id0,
1760177371178970900,10929,1760177371178786000,,12.600000381469727,0.0,-0.0,nan,nan,nan,1.0,2,0,0,1,12.600000381469727,id0,
1760177371431935900,10930,1760177371431731900,,12.600000381469727,0.0,-0.0,nan,nan,nan,1.0,2,0,0,1,12.600000381469727,id0,
1760177371680525400,10931,1760177371680281800,,12.600000381469727,0.0,-0.0,nan,nan,nan,1.0,2,0,0,1,12.600000381469727,id0,
1760177371931908200,10932,1760177371931721400,,12.600000381469727,0.0,-0.0,nan,nan,nan,1.0,2,0,0,1,12.600000381469727,id0,
1760177372182606100,10933,1760177372182348100,,12.600000381469727,0.0,-0.0,nan,nan,nan,1.0,2,0,0,1,12.600000381469727,id0,
1760177372432766800,10934,1760177372432571400,,12.600000381469727,0.0,-0.0,nan,nan,nan,1.0,2,0,0,1,12.600000381469727,id0,
1760177372679469400,10935,1760177372679323200,,12.600000381469727,0.0,-0.0,nan,nan,nan,1.0,2,0,0,1,12.600000381469727,id0,
1760177372928901100,10936,1760177372928693400,,12.600000381469727,0.0,-0.0,nan,nan,nan,1.0,2,0,0,1,12.600000381469727,id0,
1760177373179876600,10937,1760177373179700200,,12.600000381469727,0.0,-0.0,nan,nan,nan,1.0,2,0,0,1,12.600000381469727,id0,
1760177373431101600,10938,1760177373430886200,,12.600000381469727,0.0,-0.0,nan,nan,nan,1.0,2,0,0,1,12.600000381469727,id0,
1760177373682016600,10939,1760177373681832000,,12.600000381469727,0.0,-0.0,nan,nan,nan,1.0,2,0,0,1,12.600000381469727,id0,
1760177373932042600,10940,1760177373931826500,,12.600000381469727,0.0,-0.0,nan,nan,nan,1.0,2,0,0,1,12.600000381469727,id0,
1760177374183266000,10941,1760177374183077700,,12.600000381469727,0.0,-0.0,nan,nan,nan,1.0,2,0,0,1,12.600000381469727,id0,
1760177374435058400,10942,1760177374434819800,,12.600000381469727,0.0,-0.0,nan,nan,nan,1.0,2,0,0,1,12.600000381469727,id0,
1760177374679649100,10943,1760177374679456600,,12.600000381469727,0.0,-0.0,nan,nan,nan,1.0,2,0,0,1,12.600000381469727,id0,
1760177374930686000,10944,1760177374930448700,,12.600000381469727,0.0,-0.0,nan,nan,nan,1.0,2,0,0,1,12.600000381469727,id0,
1760177375181240300,10945,1760177375181028800,,12.600000381469727,0.0,-0.0,nan,nan,nan,1.0,2,0,0,1,12.600000381469727,id0,
1760177375432146800,10946,1760177375431961000,,12.600000381469727,0.0,-0.0,nan,nan,nan,1.0,2,0,0,1,12.600000381469727,id0,
1760177375682984600,10947,1760177375682803200,,12.600000381469727,0.0,-0.0,nan,nan,nan,1.0,2,0,0,1,12.600000381469727,id0,
1760177375933581800,10948,1760177375933412500,,12.600000381469727,0.0,-0.0,nan,nan,nan,1.0,2,0,0,1,12.600000381469727,id0,
1760177376184356000,10949,1760177376184155500,,12.600000381469727,0.0,-0.0,nan,nan,nan,1.0,2,0,0,1,12.600000381469727,id0,
1760177376436174500,10950,1760177376435995100,,12.600000381469727,0.0,-0.0,nan,nan,nan,1.0,2,0,0,1,12.600000381469727,id0,
1760177376681145500,10951,1760177376680946300,,12.600000381469727,0.0,-0.0,nan,nan,nan,1.0,2,0,0,1,12.600000381469727,id0,
1760177376932271300,10952,1760177376932029000,,12.600000381469727,0.0,-0.0,nan,nan,nan,1.0,2,0,0,1,12.600000381469727,id0,
1760177377183393700,10953,1760177377183162900,,12.600000381469727,0.0,-0.0,nan,nan,nan,1.0,2,0,0,1,12.600000381469727,id0,
1760177377435614200,10954,1760177377435440800,,12.600000381469727,0.0,-0.0,nan,nan,nan,1.0,2,0,0,1,12.600000381469727,id0,
1760177377680103700,10955,1760177377679876200,,12.600000381469727,0.0,-0.0,nan,nan,nan,1.0,2,0,0,1,12.600000381469727,id0,
1760177377930706100,10956,1760177377930489800,,12.600000381469727,0.0,-0.0,nan,nan,nan,1.0,2,0,0,1,12.600000381469727,id0,
1760177378181648100,10957,1760177378181463400,,12.600000381469727,0.0,-0.0,nan,nan,nan,1.0,2,0,0,1,12.600000381469727,id0,
1760177378432238200,10958,1760177378432037400,,12.600000381469727,0.0,-0.0,nan,nan,nan,1.0,2,0,0,1,12.600000381469727,id0,
1760177378683744600,10959,1760177378683500700,,12.600000381469727,0.0,-0.0,nan,nan,nan,1.0,2,0,0,1,12.600000381469727,id0,
1760177378934956800,10960,1760177378934737000,,12.600000381469727,0.0,-0.0,nan,nan,nan,1.0,2,0,0,1,12.600000381469727,id0,
1760177379184607700,10961,1760177379184397500,,12.600000381469727,0.0,-0.0,nan,nan,nan,1.0,2,0,0,1,12.600000381469727,id0,
1760177379435678100,10962,1760177379435466400,,12.600000381469727,0.0,-0.0,nan,nan,nan,1.0,2,0,0,1,12.600000381469727,id0,
1760177379681010600,10963,1760177379680711600,,12.600000381469727,0.0,-3.4700000286102295,nan,nan,nan,0.9899999499320984,2,0,0,1,12.600000381469727,id0,
1760177379933540100,10964,1760177379933389600,,12.600000381469727,0.0,-11.279999732971191,nan,nan,nan,0.9899999499320984,2,0,0,1,12.600000381469727,id0,
1760177380183414900,10965,1760177380183216000,,12.600000381469727,0.0,-22.989999771118164,nan,nan,nan,0.9899999499320984,2,0,0,1,12.600000381469727,id0,
1760177380434063000,10966,1760177380433863500,,12.600000381469727,0.0,-30.219999313354492,nan,nan,nan,0.9899999499320984,2,0,0,1,12.600000381469727,id0,
1760177380684269000,10967,1760177380684060300,,12.600000381469727,0.0,-34.040000915527344,nan,nan,nan,0.9899999499320984,2,0,0,1,12.600000381469727,id0,
1760177380937015600,10968,1760177380936848900,,12.600000381469727,0.0,-37.81999969482422,nan,nan,nan,0.9899999499320984,2,0,0,1,12.600000381469727,id0,
1760177381187129300,10969,1760177381186978400,,12.600000381469727,0.0,-22.6299991607666,nan,nan,nan,0.9899999499320984,2,0,0,1,12.600000381469727,id0,
1760177381437133200,10970,1760177381436964000,,12.600000381469727,0.0,-27.81999969482422,nan,nan,nan,0.9899999499320984,2,0,0,1,12.600000381469727,id0,
1760177381682784800,10971,1760177381682598900,,12.600000381469727,0.0,-29.28999900817871,nan,nan,nan,0.9899999499320984,2,0,0,1,12.600000381469727,id0,
1760177381933929600,10972,1760177381933758000,,12.600000381469727,0.0,-27.6299991607666,nan,nan,nan,0.9899999499320984,2,0,0,1,12.600000381469727,id0,
1760177382184529100,10973,1760177382184319900,,12.600000381469727,0.0,-26.979999542236328,nan,nan,nan,0.9899999499320984,2,0,0,1,12.600000381469727,id0,
1760177382436916000,10974,1760177382436680200,,12.600000381469727,0.0,-26.799999237060547,nan,nan,nan,0.9899999499320984,2,0,0,1,12.600000381469727,id0,
1760177382688059900,10975,1760177382687856400,,12.600000381469727,0.0,-26.599998474121094,nan,nan,nan,0.9899999499320984,2,0,0,1,12.600000381469727,id0,
1760177382936979800,10976,1760177382936776600,,12.600000381469727,0.0,-26.53999900817871,nan,nan,nan,0.9899999499320984,2,0,0,1,12.600000381469727,id0,
1760177383188038100,10977,1760177383187767100,,12.600000381469727,0.0,-26.989999771118164,nan,nan,nan,0.9899999499320984,2,0,0,1,12.600000381469727,id0,
1760177383438855600,10978,1760177383438686000,,12.600000381469727,0.0,-29.56999969482422,nan,nan,nan,0.9899999499320984,2,0,0,1,12.600000381469727,id0,
1760177383684076900,10979,1760177383683872400,,12.600000381469727,0.0,-31.69999885559082,nan,nan,nan,0.9899999499320984,2,0,0,1,12.600000381469727,id0,
1760177383936497900,10980,1760177383936311400,,12.600000381469727,0.0,-32.18000030517578,nan,nan,nan,0.9899999499320984,2,0,0,1,12.600000381469727,id0,
1760177384185343100,10981,1760177384185108500,,12.600000381469727,0.0,-31.489999771118164,nan,nan,nan,0.9799999594688416,2,0,0,1,12.600000381469727,id0,
1760177384436309700,10982,1760177384436045100,,12.600000381469727,0.0,-29.42999839782715,nan,nan,nan,0.9799999594688416,2,0,0,1,12.600000381469727,id0,
1760177384687144200,10983,1760177384686987400,,12.600000381469727,0.0,-27.60999870300293,nan,nan,nan,0.9799999594688416,2,0,0,1,12.600000381469727,id0,
1760177384938184100,10984,1760177384937963900,,12.600000381469727,0.0,-26.93000030517578,nan,nan,nan,0.9799999594688416,2,0,0,1,12.600000381469727,id0,
1760177385188539900,10985,1760177385188394600,,12.600000381469727,0.0,-26.489999771118164,nan,nan,nan,0.9799999594688416,2,0,0,1,12.600000381469727,id0,
1760177385439821100,10986,1760177385439619500,,12.600000381469727,0.0,-26.44999885559082,nan,nan,nan,0.9799999594688416,2,0,0,1,12.600000381469727,id0,
1760177385683990700,10987,1760177385683783000,,12.600000381469727,0.0,-26.299999237060547,nan,nan,nan,0.9799999594688416,2,0,0,1,12.600000381469727,id0,
1760177385935875200,10988,1760177385935690900,,12.600000381469727,0.0,-26.099998474121094,nan,nan,nan,0.9799999594688416,2,0,0,1,12.600000381469727,id0,
1760177386186038300,10989,1760177386185862000,,12.600000381469727,0.0,-26.53999900817871,nan,nan,nan,0.9799999594688416,2,0,0,1,12.600000381469727,id0,
1760177386437351300,10990,1760177386437060500,,12.600000381469727,0.0,-27.149999618530273,nan,nan,nan,0.9799999594688416,2,0,0,1,12.600000381469727,id0,
1760177386689067700,10991,1760177386688886700,,12.600000381469727,0.0,-27.989999771118164,nan,nan,nan,0.9799999594688416,2,0,0,1,12.600000381469727,id0,
1760177386939894900,10992,1760177386939703100,,12.600000381469727,0.0,-28.299999237060547,nan,nan,nan,0.9799999594688416,2,0,0,1,12.600000381469727,id0,
1760177387190236800,10993,1760177387190107200,,12.600000381469727,0.0,-28.44999885559082,nan,nan,nan,0.9799999594688416,2,0,0,1,12.600000381469727,id0,
1760177387434703100,10994,1760177387434525700,,12.600000381469727,0.0,-28.53999900817871,nan,nan,nan,0.9799999594688416,2,0,0,1,12.600000381469727,id0,
1760177387687300700,10995,1760177387687019900,,12.600000381469727,0.0,-29.439998626708984,nan,nan,nan,0.9799999594688416,2,0,0,1,12.600000381469727,id0,
1760177387936755900,10996,1760177387936624900,,12.600000381469727,0.0,-29.6299991607666,nan,nan,nan,0.9799999594688416,2,0,0,1,12.600000381469727,id0,
1760177388188483700,10997,1760177388188277000,,12.600000381469727,0.0,-28.889999389648438,nan,nan,nan,0.9799999594688416,2,0,0,1,12.600000381469727,id0,
1760177388437911100,10998,1760177388437718700,,12.600000381469727,0.0,-28.219999313354492,nan,nan,nan,0.9699999690055847,2,0,0,1,12.600000381469727,id0,
1760177388688873500,10999,1760177388688676300,,12.600000381469727,0.0,-28.010000228881836,nan,nan,nan,0.9699999690055847,2,0,0,1,12.600000381469727,id0,
1760177388940704700,11000,1760177388940567600,,12.600000381469727,0.0,-28.059999465942383,nan,nan,nan,0.9699999690055847,2,0,0,1,12.600000381469727,id0,
1760177389190776300,11001,1760177389190548300,,12.600000381469727,0.0,-28.15999984741211,nan,nan,nan,0.9699999690055847,2,0,0,1,12.600000381469727,id0,
1760177389436141100,11002,1760177389435937600,,12.600000381469727,0.0,-28.279998779296875,nan,nan,nan,0.9699999690055847,2,0,0,1,12.600000381469727,id0,
1760177389686831700,11003,1760177389686670500,,12.600000381469727,0.0,-28.299999237060547,nan,nan,nan,0.9699999690055847,2,0,0,1,12.600000381469727,id0,
1760177389938216900,11004,1760177389938014000,,12.600000381469727,0.0,-28.279998779296875,nan,nan,nan,0.9699999690055847,2,0,0,1,12.600000381469727,id0,
1760177390189032700,11005,1760177390188890400,,12.600000381469727,0.0,-28.19999885559082,nan,nan,nan,0.9699999690055847,2,0,0,1,12.600000381469727,id0,
1760177390439851400,11006,1760177390439678300,,12.600000381469727,0.0,-28.18000030517578,nan,nan,nan,0.9699999690055847,2,0,0,1,12.600000381469727,id0,
1760177390690737300,11007,1760177390690599900,,12.600000381469727,0.0,-28.10999870300293,nan,nan,nan,0.9699999690055847,2,0,0,1,12.600000381469727,id0,
1760177390941796600,11008,1760177390941663400,,12.600000381469727,0.0,-28.10999870300293,nan,nan,nan,0.9699999690055847,2,0,0,1,12.600000381469727,id0,
1760177391194180100,11009,1760177391194030100,,12.600000381469727,0.0,-28.10999870300293,nan,nan,nan,0.9699999690055847,2,0,0,1,12.600000381469727,id0,
1760177391438530500,11010,1760177391438284600,,12.600000381469727,0.0,-28.15999984741211,nan,nan,nan,0.9699999690055847,2,0,0,1,12.600000381469727,id0,
1760177391688463500,11011,1760177391688324200,,12.600000381469727,0.0,-29.06999969482422,nan,nan,nan,0.9699999690055847,2,0,0,1,12.600000381469727,id0,
1760177391940403400,11012,1760177391940198900,,12.600000381469727,0.0,-29.53999900817871,nan,nan,nan,0.9699999690055847,2,0,0,1,12.600000381469727,id0,
1760177392189874700,11013,1760177392189736300,,12.600000381469727,0.0,-28.939998626708984,nan,nan,nan,0.9699999690055847,2,0,0,1,12.600000381469727,id0,
1760177392441214600,11014,1760177392441058300,,12.600000381469727,0.0,-28.25,nan,nan,nan,0.9699999690055847,2,0,0,1,12.600000381469727,id0,
1760177392690980200,11015,1760177392690758500,,12.600000381469727,0.0,-28.029998779296875,nan,nan,nan,0.9599999785423279,2,0,0,1,12.600000381469727,id0,
1760177392943625200,11016,1760177392943445500,,12.600000381469727,0.0,-28.079999923706055,nan,nan,nan,0.9599999785423279,2,0,0,1,12.600000381469727,id0,
1760177393193598200,11017,1760177393193374600,,12.600000381469727,0.0,-28.19999885559082,nan,nan,nan,0.9599999785423279,2,0,0,1,12.600000381469727,id0,
1760177393438682900,11018,1760177393438480000,,12.600000381469727,0.0,-28.279998779296875,nan,nan,nan,0.9599999785423279,2,0,0,1,12.600000381469727,id0,
1760177393688759000,11019,1760177393688576100,,12.600000381469727,0.0,-28.299999237060547,nan,nan,nan,0.9599999785423279,2,0,0,1,12.600000381469727,id0,
1760177393939867300,11020,1760177393939665700,,12.600000381469727,0.0,-28.25,nan,nan,nan,0.9599999785423279,2,0,0,1,12.600000381469727,id0,
1760177394191758500,11021,1760177394191581800,,12.600000381469727,0.0,-28.18000030517578,nan,nan,nan,0.9599999785423279,2,0,0,1,12.600000381469727,id0,
1760177394443095200,11022,1760177394442908500,,12.600000381469727,0.0,-28.18000030517578,nan,nan,nan,0.9599999785423279,2,0,0,1,12.600000381469727,id0,
1760177394693777600,11023,1760177394693611600,,12.600000381469727,0.0,-28.1299991607666,nan,nan,nan,0.9599999785423279,2,0,0,1,12.600000381469727,id0,
1760177394943876700,11024,1760177394943673700,,12.600000381469727,0.0,-28.1299991607666,nan,nan,nan,0.9599999785423279,2,0,0,1,12.600000381469727,id0,
1760177395195798000,11025,1760177395195627200,,12.600000381469727,0.0,-28.10999870300293,nan,nan,nan,0.9599999785423279,2,0,0,1,12.600000381469727,id0,
1760177395440037200,11026,1760177395439853500,,12.600000381469727,0.0,-28.18000030517578,nan,nan,nan,0.9599999785423279,2,0,0,1,12.600000381469727,id0,
1760177395690030500,11027,1760177395689838800,,12.600000381469727,0.0,-29.049999237060547,nan,nan,nan,0.9599999785423279,2,0,0,1,12.600000381469727,id0,
1760177395941506900,11028,1760177395941302500,,12.600000381469727,0.0,-29.510000228881836,nan,nan,nan,0.9599999785423279,2,0,0,1,12.600000381469727,id0,
1760177396191516200,11029,1760177396191272600,,12.600000381469727,0.0,-28.969999313354492,nan,nan,nan,0.9599999785423279,2,0,0,1,12.600000381469727,id0,
1760177396443478700,11030,1760177396443298200,,12.600000381469727,0.0,-28.25,nan,nan,nan,0.9599999785423279,2,0,0,1,12.600000381469727,id0,
1760177396693612000,11031,1760177396693429300,,12.600000381469727,0.0,-28.029998779296875,nan,nan,nan,0.949999988079071,2,0,0,1,12.600000381469727,id0,
1760177396944541500,11032,1760177396944348900,,12.600000381469727,0.0,-28.079999923706055,nan,nan,nan,0.949999988079071,2,0,0,1,12.600000381469727,id0,
1760177397195664100,11033,1760177397195454600,,12.600000381469727,0.0,-28.229999542236328,nan,nan,nan,0.949999988079071,2,0,0,1,12.600000381469727,id0,
1760177397440099800,11034,1760177397439840400,,12.600000381469727,0.0,-28.279998779296875,nan,nan,nan,0.949999988079071,2,0,0,1,12.600000381469727,id0,
1760177397691138700,11035,1760177397690989700,,12.600000381469727,0.0,-28.299999237060547,nan,nan,nan,0.949999988079071,2,0,0,1,12.600000381469727,id0,
1760177397943112900,11036,1760177397942920200,,12.600000381469727,0.0,-28.279998779296875,nan,nan,nan,0.949999988079071,2,0,0,1,12.600000381469727,id0,
1760177398194310800,11037,1760177398194157400,,12.600000381469727,0.0,-28.19999885559082,nan,nan,nan,0.949999988079071,2,0,0,1,12.600000381469727,id0,
1760177398443573400,11038,1760177398443425300,,12.600000381469727,0.0,-28.18000030517578,nan,nan,nan,0.949999988079071,2,0,0,1,12.600000381469727,id0,
1760177398694789800,11039,1760177398694533700,,12.600000381469727,0.0,-28.15999984741211,nan,nan,nan,0.949999988079071,2,0,0,1,12.600000381469727,id0,
1760177398945986400,11040,1760177398945783300,,12.600000381469727,0.0,-28.1299991607666,nan,nan,nan,0.949999988079071,2,0,0,1,12.600000381469727,id0,
1760177399198378000,11041,1760177399198181200,,12.600000381469727,0.0,-28.10999870300293,nan,nan,nan,0.949999988079071,2,0,0,1,12.600000381469727,id0,
1760177399442952600,11042,1760177399442732700,,12.600000381469727,0.0,-28.18000030517578,nan,nan,nan,0.949999988079071,2,0,0,1,12.600000381469727,id0,
1760177399693983100,11043,1760177399693838600,,12.600000381469727,0.0,-29.06999969482422,nan,nan,nan,0.949999988079071,2,0,0,1,12.600000381469727,id0,
1760177399944192100,11044,1760177399943986800,,12.600000381469727,0.0,-29.510000228881836,nan,nan,nan,0.949999988079071,2,0,0,1,12.600000381469727,id0,
1760177400196018000,11045,1760177400195782400,,12.600000381469727,0.0,-28.969999313354492,nan,nan,nan,0.949999988079071,2,0,0,1,12.600000381469727,id0,
1760177400446488100,11046,1760177400446217100,,12.600000381469727,0.0,-28.25,nan,nan,nan,0.949999988079071,2,0,0,1,12.600000381469727,id0,
1760177400697227000,11047,1760177400697033800,,12.600000381469727,0.0,-28.03999900817871,nan,nan,nan,0.949999988079071,2,0,0,1,12.600000381469727,id0,
1760177400947198300,11048,1760177400947005600,,12.600000381469727,0.0,-28.059999465942383,nan,nan,nan,0.9399999976158142,2,0,0,1,12.600000381469727,id0,
1760177401198821500,11049,1760177401198599200,,12.600000381469727,0.0,-28.19999885559082,nan,nan,nan,0.9399999976158142,2,0,0,1,12.600000381469727,id0,
1760177401445336000,11050,1760177401445127500,,12.600000381469727,0.0,-28.279998779296875,nan,nan,nan,0.9399999976158142,2,0,0,1,12.600000381469727,id0,
1760177401695820300,11051,1760177401695661100,,12.600000381469727,0.0,-28.299999237060547,nan,nan,nan,0.9399999976158142,2,0,0,1,12.600000381469727,id0,
1760177401946133300,11052,1760177401945950200,,12.600000381469727,0.0,-28.25,nan,nan,nan,0.9399999976158142,2,0,0,1,12.600000381469727,id0,
1760177402196699500,11053,1760177402196532400,,12.600000381469727,0.0,-28.19999885559082,nan,nan,nan,0.9399999976158142,2,0,0,1,12.600000381469727,id0,
1760177402447206600,11054,1760177402447032000,,12.600000381469727,0.0,-28.18000030517578,nan,nan,nan,0.9399999976158142,2,0,0,1,12.600000381469727,id0,
1760177402698745000,11055,1760177402698600700,,12.600000381469727,0.0,-28.15999984741211,nan,nan,nan,0.9399999976158142,2,0,0,1,12.600000381469727,id0,
1760177402948328100,11056,1760177402948162500,,12.600000381469727,0.0,-28.1299991607666,nan,nan,nan,0.9399999976158142,2,0,0,1,12.600000381469727,id0,
1760177403198817400,11057,1760177403198612300,,12.600000381469727,0.0,-28.10999870300293,nan,nan,nan,0.9399999976158142,2,0,0,1,12.600000381469727,id0,
1760177403444103100,11058,1760177403443952100,,12.600000381469727,0.0,-28.10999870300293,nan,nan,nan,0.9399999976158142,2,0,0,1,12.600000381469727,id0,
1760177403695577300,11059,1760177403695395600,,12.600000381469727,0.0,-28.10999870300293,nan,nan,nan,0.9399999976158142,2,0,0,1,12.600000381469727,id0,
1760177403945572600,11060,1760177403945389000,,12.600000381469727,0.0,-28.10999870300293,nan,nan,nan,0.9399999976158142,2,0,0,1,12.600000381469727,id0,
1760177404197690600,11061,1760177404197513100,,12.600000381469727,0.0,-28.10999870300293,nan,nan,nan,0.9399999976158142,2,0,0,1,12.600000381469727,id0,
1760177404447885800,11062,1760177404447702400,,12.600000381469727,0.0,-28.1299991607666,nan,nan,nan,0.9399999976158142,2,0,0,1,12.600000381469727,id0,
1760177404700675700,11063,1760177404700563200,,12.600000381469727,0.0,-28.10999870300293,nan,nan,nan,0.9399999976158142,2,0,0,1,12.600000381469727,id0,
1760177404950799500,11064,1760177404950611900,,12.600000381469727,0.0,-28.10999870300293,nan,nan,nan,0.9399999976158142,2,0,0,1,12.600000381469727,id0,
1760177405200226200,11065,1760177405199975100,,12.600000381469727,0.0,-28.10999870300293,nan,nan,nan,0.9300000071525574,2,0,0,1,12.600000381469727,id0,
1760177405446347200,11066,1760177405446129700,,12.600000381469727,0.0,-28.10999870300293,nan,nan,nan,0.9300000071525574,2,0,0,1,12.600000381469727,id0,
1760177405696897700,11067,1760177405696694500,,12.600000381469727,0.0,-28.10999870300293,nan,nan,nan,0.9300000071525574,2,0,0,1,12.600000381469727,id0,
1760177405946508300,11068,1760177405946305700,,12.600000381469727,0.0,-28.10999870300293,nan,nan,nan,0.9300000071525574,2,0,0,1,12.600000381469727,id0,
1760177406197677000,11069,1760177406197522700,,12.600000381469727,0.0,-28.10999870300293,nan,nan,nan,0.9300000071525574,2,0,0,1,12.600000381469727,id0,
1760177406449203700,11070,1760177406449029500,,12.600000381469727,0.0,-28.10999870300293,nan,nan,nan,0.9300000071525574,2,0,0,1,12.600000381469727,id0,
1760177406699710500,11071,1760177406699496800,,12.600000381469727,0.0,-28.10999870300293,nan,nan,nan,0.9300000071525574,2,0,0,1,12.600000381469727,id0,
1760177406950593400,11072,1760177406950332600,,12.600000381469727,0.0,-28.10999870300293,nan,nan,nan,0.9300000071525574,2,0,0,1,12.600000381469727,id0,
1760177407202091100,11073,1760177407201938900,,12.600000381469727,0.0,-28.10999870300293,nan,nan,nan,0.9300000071525574,2,0,0,1,12.600000381469727,id0,
1760177407446945400,11074,1760177407446747500,,12.600000381469727,0.0,-28.25,nan,nan,nan,0.9300000071525574,2,0,0,1,12.600000381469727,id0,
1760177407697234300,11075,1760177407697001500,,12.600000381469727,0.0,-29.26999855041504,nan,nan,nan,0.9300000071525574,2,0,0,1,12.600000381469727,id0,
1760177407948388700,11076,1760177407948139700,,12.600000381469727,0.0,-29.559999465942383,nan,nan,nan,0.9300000071525574,2,0,0,1,12.600000381469727,id0,
1760177408200059900,11077,1760177408199836500,,12.600000381469727,0.0,-29.5,nan,nan,nan,0.9300000071525574,2,0,0,1,12.600000381469727,id0,
1760177408449696600,11078,1760177408449513600,,12.600000381469727,0.0,-29.559999465942383,nan,nan,nan,0.9300000071525574,2,0,0,1,12.600000381469727,id0,
1760177408703230400,11079,1760177408703011400,,12.600000381469727,0.0,-29.69999885559082,nan,nan,nan,0.9300000071525574,2,0,0,1,12.600000381469727,id0,
1760177408951570200,11080,1760177408951344200,,12.600000381469727,0.0,-29.59000015258789,nan,nan,nan,0.9300000071525574,2,0,0,1,12.600000381469727,id0,
1760177409202300900,11081,1760177409202083800,,12.600000381469727,0.0,-28.40999984741211,nan,nan,nan,0.9199999570846558,2,0,0,1,12.600000381469727,id0,
1760177409448576200,11082,1760177409448337800,,12.600000381469727,0.0,-28.06999969482422,nan,nan,nan,0.9199999570846558,2,0,0,1,12.600000381469727,id0,
1760177409698534200,11083,1760177409698367900,,12.600000381469727,0.0,-28.029998779296875,nan,nan,nan,0.9199999570846558,2,0,0,1,12.600000381469727,id0,
1760177409949134400,11084,1760177409948928400,,12.600000381469727,0.0,-28.079999923706055,nan,nan,nan,0.9199999570846558,2,0,0,1,12.600000381469727,id0,
1760177410200881000,11085,1760177410200687300,,12.600000381469727,0.0,-28.1299991607666,nan,nan,nan,0.9199999570846558,2,0,0,1,12.600000381469727,id0,
1760177410451343300,11086,1760177410451155200,,12.600000381469727,0.0,-28.15999984741211,nan,nan,nan,0.9199999570846558,2,0,0,1,12.600000381469727,id0,
1760177410703110700,11087,1760177410702937200,,12.600000381469727,0.0,-28.18000030517578,nan,nan,nan,0.9199999570846558,2,0,0,1,12.600000381469727,id0,
1760177410954781800,11088,1760177410954574800,,12.600000381469727,0.0,-28.19999885559082,nan,nan,nan,0.9199999570846558,2,0,0,1,12.600000381469727,id0,
1760177411203545000,11089,1760177411203312600,,12.600000381469727,0.0,-28.299999237060547,nan,nan,nan,0.9199999570846558,2,0,0,1,12.600000381469727,id0,
1760177411448337500,11090,1760177411448043800,,12.600000381469727,0.0,-28.349998474121094,nan,nan,nan,0.9199999570846558,2,0,0,1,12.600000381469727,id0,
1760177411700290200,11091,1760177411700113200,,12.600000381469727,0.0,-28.399999618530273,nan,nan,nan,0.9199999570846558,2,0,0,1,12.600000381469727,id0,
1760177411950686800,11092,1760177411950534600,,12.600000381469727,0.0,-28.31999969482422,nan,nan,nan,0.9199999570846558,2,0,0,1,12.600000381469727,id0,
1760177412201401400,11093,1760177412201166000,,12.600000381469727,0.0,-28.25,nan,nan,nan,0.9199999570846558,2,0,0,1,12.600000381469727,id0,
1760177412451555300,11094,1760177412451340900,,12.600000381469727,0.0,-28.19999885559082,nan,nan,nan,0.9199999570846558,2,0,0,1,12.600000381469727,id0,
1760177412702840100,11095,1760177412702637500,,12.600000381469727,0.0,-28.1299991607666,nan,nan,nan,0.9199999570846558,2,0,0,1,12.600000381469727,id0,
1760177412954880100,11096,1760177412954686000,,12.600000381469727,0.0,-28.1299991607666,nan,nan,nan,0.9199999570846558,2,0,0,1,12.600000381469727,id0,
1760177413204366800,11097,1760177413204170800,,12.600000381469727,0.0,-28.1299991607666,nan,nan,nan,0.9199999570846558,2,0,0,1,12.600000381469727,id0,
1760177413450693000,11098,1760177413450534200,,12.600000381469727,0.0,-28.31999969482422,nan,nan,nan,0.9099999666213989,2,0,0,1,12.600000381469727,id0,
1760177413700537600,11099,1760177413700331400,,12.600000381469727,0.0,-29.34000015258789,nan,nan,nan,0.9099999666213989,2,0,0,1,12.600000381469727,id0,
1760177413952658900,11100,1760177413952491400,,12.600000381469727,0.0,-29.559999465942383,nan,nan,nan,0.9099999666213989,2,0,0,1,12.600000381469727,id0,
1760177414203227300,11101,1760177414203043600,,12.600000381469727,0.0,-28.76999855041504,nan,nan,nan,0.9099999666213989,2,0,0,1,12.600000381469727,id0,
1760177414454162900,11102,1760177414453998800,,12.600000381469727,0.0,-28.18000030517578,nan,nan,nan,0.9099999666213989,2,0,0,1,12.600000381469727,id0,
1760177414705124800,11103,1760177414704861700,,12.600000381469727,0.0,-28.059999465942383,nan,nan,nan,0.9099999666213989,2,0,0,1,12.600000381469727,id0,
1760177414957001500,11104,1760177414956644000,,12.600000381469727,0.0,-28.10999870300293,nan,nan,nan,0.9099999666213989,2,0,0,1,12.600000381469727,id0,
1760177415206788500,11105,1760177415206639700,,12.600000381469727,0.0,-28.229999542236328,nan,nan,nan,0.9099999666213989,2,0,0,1,12.600000381469727,id0,
1760177415451575800,11106,1760177415451390400,,12.600000381469727,0.0,-28.279998779296875,nan,nan,nan,0.9099999666213989,2,0,0,1,12.600000381469727,id0,
1760177415703172200,11107,1760177415703018900,,12.600000381469727,0.0,-28.31999969482422,nan,nan,nan,0.9099999666213989,2,0,0,1,12.600000381469727,id0,
1760177415953129400,11108,1760177415952923200,,12.600000381469727,0.0,-28.299999237060547,nan,nan,nan,0.9099999666213989,2,0,0,1,12.600000381469727,id0,
1760177416203585100,11109,1760177416203372100,,12.600000381469727,0.0,-28.19999885559082,nan,nan,nan,0.9099999666213989,2,0,0,1,12.600000381469727,id0,
1760177416453461600,11110,1760177416453259400,,12.600000381469727,0.0,-28.18000030517578,nan,nan,nan,0.9099999666213989,2,0,0,1,12.600000381469727,id0,
1760177416705018000,11111,1760177416704819900,,12.600000381469727,0.0,-28.15999984741211,nan,nan,nan,0.9099999666213989,2,0,0,1,12.600000381469727,id0,
1760177416957045900,11112,1760177416956861000,,12.600000381469727,0.0,-28.15999984741211,nan,nan,nan,0.9099999666213989,2,0,0,1,12.600000381469727,id0,
1760177417207175400,11113,1760177417206999800,,12.600000381469727,0.0,-28.10999870300293,nan,nan,nan,0.9099999666213989,2,0,0,1,12.600000381469727,id0,
1760177417452427200,11114,1760177417452227900,,12.600000381469727,0.0,-28.19999885559082,nan,nan,nan,0.9099999666213989,2,0,0,1,12.600000381469727,id0,
1760177417703133900,11115,1760177417702920200,,12.600000381469727,0.0,-29.099998474121094,nan,nan,nan,0.8999999761581421,2,0,0,1,12.600000381469727,id0,
1760177417954397500,11116,1760177417954161000,,12.600000381469727,0.0,-29.529998779296875,nan,nan,nan,0.8999999761581421,2,0,0,1,12.600000381469727,id0,
1760177418205138900,11117,1760177418204960900,,12.600000381469727,0.0,-28.920000076293945,nan,nan,nan,0.8999999761581421,2,0,0,1,12.600000381469727,id0,
1760177418455951400,11118,1760177418455772700,,12.600000381469727,0.0,-28.25,nan,nan,nan,0.8999999761581421,2,0,0,1,12.600000381469727,id0,
1760177418711846400,11119,1760177418711640400,,12.600000381469727,0.0,-28.03999900817871,nan,nan,nan,0.8999999761581421,2,0,0,1,12.600000381469727,id0,
1760177418956813900,11120,1760177418956646800,,12.600000381469727,0.0,-28.079999923706055,nan,nan,nan,0.8999999761581421,2,0,0,1,12.600000381469727,id0,
1760177419207765300,11121,1760177419207568800,,12.600000381469727,0.0,-28.18000030517578,nan,nan,nan,0.8999999761581421,2,0,0,1,12.600000381469727,id0,
1760177419453647400,11122,1760177419453476400,,12.600000381469727,0.0,-28.279998779296875,nan,nan,nan,0.8999999761581421,2,0,0,1,12.600000381469727,id0,
1760177419704157900,11123,1760177419703951900,,12.600000381469727,0.0,-28.31999969482422,nan,nan,nan,0.8999999761581421,2,0,0,1,12.600000381469727,id0,
1760177419954748000,11124,1760177419954568100,,12.600000381469727,0.0,-28.279998779296875,nan,nan,nan,0.8999999761581421,2,0,0,1,12.600000381469727,id0,
1760177420205898300,11125,1760177420205720300,,12.600000381469727,0.0,-28.229999542236328,nan,nan,nan,0.8999999761581421,2,0,0,1,12.600000381469727,id0,
1760177420456567500,11126,1760177420456400900,,12.600000381469727,0.0,-28.18000030517578,nan,nan,nan,0.8999999761581421,2,0,0,1,12.600000381469727,id0,
1760177420708503700,11127,1760177420708307800,,12.600000381469727,0.0,-28.1299991607666,nan,nan,nan,0.8999999761581421,2,0,0,1,12.600000381469727,id0,
1760177420958870000,11128,1760177420958672200,,12.600000381469727,0.0,-28.10999870300293,nan,nan,nan,0.8999999761581421,2,0,0,1,12.600000381469727,id0,
1760177421210697400,11129,1760177421210492400,,12.600000381469727,0.0,-28.079999923706055,nan,nan,nan,0.8999999761581421,2,0,0,1,12.600000381469727,id0,
1760177421453720300,11130,1760177421453512800,,12.600000381469727,0.0,-28.19999885559082,nan,nan,nan,0.8999999761581421,2,0,0,1,12.600000381469727,id0,
1760177421705987600,11131,1760177421705813600,,12.600000381469727,0.0,-29.119998931884766,nan,nan,nan,0.8999999761581421,2,0,0,1,12.600000381469727,id0,
1760177421956891300,11132,1760177421956662100,,12.600000381469727,0.0,-29.53999900817871,nan,nan,nan,0.8899999856948853,2,0,0,1,12.600000381469727,id0,
1760177422207798300,11133,1760177422207504400,,12.600000381469727,0.0,-28.920000076293945,nan,nan,nan,0.8899999856948853,2,0,0,1,12.600000381469727,id0,
1760177422458897500,11134,1760177422458721100,,12.600000381469727,0.0,-28.25,nan,nan,nan,0.8899999856948853,2,0,0,1,12.600000381469727,id0,
1760177422708885500,11135,1760177422708624400,,12.600000381469727,0.0,-28.03999900817871,nan,nan,nan,0.8899999856948853,2,0,0,1,12.600000381469727,id0,
1760177422960822400,11136,1760177422960596300,,12.600000381469727,0.0,-28.059999465942383,nan,nan,nan,0.8899999856948853,2,0,0,1,12.600000381469727,id0,
1760177423210795500,11137,1760177423210567700,,12.600000381469727,0.0,-28.18000030517578,nan,nan,nan,0.8899999856948853,2,0,0,1,12.600000381469727,id0,
1760177423456035100,11138,1760177423455845500,,12.600000381469727,0.0,-28.299999237060547,nan,nan,nan,0.8899999856948853,2,0,0,1,12.600000381469727,id0,
1760177423706635700,11139,1760177423706423500,,12.600000381469727,0.0,-28.299999237060547,nan,nan,nan,0.8899999856948853,2,0,0,1,12.600000381469727,id0,
1760177423958021200,11140,1760177423957790700,,12.600000381469727,0.0,-28.25,nan,nan,nan,0.8899999856948853,2,0,0,1,12.600000381469727,id0,
1760177424209321400,11141,1760177424209161200,,12.600000381469727,0.0,-28.19999885559082,nan,nan,nan,0.8899999856948853,2,0,0,1,12.600000381469727,id0,
1760177424460285500,11142,1760177424460015600,,12.600000381469727,0.0,-28.18000030517578,nan,nan,nan,0.8899999856948853,2,0,0,1,12.600000381469727,id0,
1760177424710382000,11143,1760177424710157500,,12.600000381469727,0.0,-28.15999984741211,nan,nan,nan,0.8899999856948853,2,0,0,1,12.600000381469727,id0,
1760177424961291400,11144,1760177424961037800,,12.600000381469727,0.0,-28.1299991607666,nan,nan,nan,0.8899999856948853,2,0,0,1,12.600000381469727,id0,
1760177425211817400,11145,1760177425211669300,,12.600000381469727,0.0,-28.079999923706055,nan,nan,nan,0.8899999856948853,2,0,0,1,12.600000381469727,id0,
1760177425457478300,11146,1760177425457262100,,12.600000381469727,0.0,-28.19999885559082,nan,nan,nan,0.8899999856948853,2,0,0,1,12.600000381469727,id0,
1760177425708280700,11147,1760177425708102000,,12.600000381469727,0.0,-29.119998931884766,nan,nan,nan,0.8899999856948853,2,0,0,1,12.600000381469727,id0,
1760177425958638700,11148,1760177425958443300,,12.600000381469727,0.0,-29.529998779296875,nan,nan,nan,0.8899999856948853,2,0,0,1,12.600000381469727,id0,
1760177426209085100,11149,1760177426208867400,,12.600000381469727,0.0,-28.920000076293945,nan,nan,nan,0.8799999952316284,2,0,0,1,12.600000381469727,id0,
1760177426460272900,11150,1760177426460084500,,12.600000381469727,0.0,-28.25,nan,nan,nan,0.8799999952316284,2,0,0,1,12.600000381469727,id0,
1760177426711777400,11151,1760177426711596500,,12.600000381469727,0.0,-28.010000228881836,nan,nan,nan,0.8799999952316284,2,0,0,1,12.600000381469727,id0,
1760177426961939700,11152,1760177426961767100,,12.600000381469727,0.0,-28.079999923706055,nan,nan,nan,0.8799999952316284,2,0,0,1,12.600000381469727,id0,
1760177427212343900,11153,1760177427212095100,,12.600000381469727,0.0,-28.19999885559082,nan,nan,nan,0.8799999952316284,2,0,0,1,12.600000381469727,id0,
1760177427458130000,11154,1760177427457923700,,12.600000381469727,0.0,-28.25,nan,nan,nan,0.8799999952316284,2,0,0,1,12.600000381469727,id0,
1760177427708595600,11155,1760177427708359300,,12.600000381469727,0.0,-28.31999969482422,nan,nan,nan,0.8799999952316284,2,0,0,1,12.600000381469727,id0,
1760177427959716500,11156,1760177427959527400,,12.600000381469727,0.0,-28.25,nan,nan,nan,0.8799999952316284,2,0,0,1,12.600000381469727,id0,
1760177428211692400,11157,1760177428211508200,,12.600000381469727,0.0,-28.19999885559082,nan,nan,nan,0.8799999952316284,2,0,0,1,12.600000381469727,id0,
1760177428461446900,11158,1760177428461265300,,12.600000381469727,0.0,-28.18000030517578,nan,nan,nan,0.8799999952316284,2,0,0,1,12.600000381469727,id0,
1760177428712800000,11159,1760177428712603200,,12.600000381469727,0.0,-28.15999984741211,nan,nan,nan,0.8799999952316284,2,0,0,1,12.600000381469727,id0,
1760177428963860500,11160,1760177428963649500,,12.600000381469727,0.0,-28.1299991607666,nan,nan,nan,0.8799999952316284,2,0,0,1,12.600000381469727,id0,
1760177429213882000,11161,1760177429213665300,,12.600000381469727,0.0,-28.10999870300293,nan,nan,nan,0.8799999952316284,2,0,0,1,12.600000381469727,id0,
1760177429459461100,11162,1760177429459240000,,12.600000381469727,0.0,-28.19999885559082,nan,nan,nan,0.8799999952316284,2,0,0,1,12.600000381469727,id0,
1760177429710584100,11163,1760177429710436200,,12.600000381469727,0.0,-29.119998931884766,nan,nan,nan,0.8799999952316284,2,0,0,1,12.600000381469727,id0,
1760177429961934400,11164,1760177429961723400,,12.600000381469727,0.0,-29.529998779296875,nan,nan,nan,0.8799999952316284,2,0,0,1,12.600000381469727,id0,
1760177430211918900,11165,1760177430211726100,,12.600000381469727,0.0,-28.920000076293945,nan,nan,nan,0.8700000047683716,2,0,0,1,12.600000381469727,id0,
1760177430462445300,11166,1760177430462268400,,12.600000381469727,0.0,-28.25,nan,nan,nan,0.8700000047683716,2,0,0,1,12.600000381469727,id0,
1760177430713821700,11167,1760177430713627700,,12.600000381469727,0.0,-28.03999900817871,nan,nan,nan,0.8700000047683716,2,0,0,1,12.600000381469727,id0,
1760177430964010000,11168,1760177430963826400,,12.600000381469727,0.0,-28.079999923706055,nan,nan,nan,0.8700000047683716,2,0,0,1,12.600000381469727,id0,
1760177431208518000,11169,1760177431208326500,,12.600000381469727,0.0,-28.19999885559082,nan,nan,nan,0.8700000047683716,2,0,0,1,12.600000381469727,id0,
1760177431460740900,11170,1760177431460537300,,12.600000381469727,0.0,-28.299999237060547,nan,nan,nan,0.8700000047683716,2,0,0,1,12.600000381469727,id0,
1760177431710902700,11171,1760177431710715400,,12.600000381469727,0.0,-28.299999237060547,nan,nan,nan,0.8700000047683716,2,0,0,1,12.600000381469727,id0,
1760177431963717900,11172,1760177431963576900,,12.600000381469727,0.0,-28.299999237060547,nan,nan,nan,0.8700000047683716,2,0,0,1,12.600000381469727,id0,
1760177432213239800,11173,1760177432213101900,,12.600000381469727,0.0,-28.19999885559082,nan,nan,nan,0.8700000047683716,2,0,0,1,12.600000381469727,id0,
1760177432464432300,11174,1760177432464222400,,12.600000381469727,0.0,-28.19999885559082,nan,nan,nan,0.8700000047683716,2,0,0,1,12.600000381469727,id0,
1760177432713841400,11175,1760177432713694000,,12.600000381469727,0.0,-28.15999984741211,nan,nan,nan,0.8700000047683716,2,0,0,1,12.600000381469727,id0,
1760177432966289000,11176,1760177432966127600,,12.600000381469727,0.0,-28.10999870300293,nan,nan,nan,0.8700000047683716,2,0,0,1,12.600000381469727,id0,
1760177433211679000,11177,1760177433211449200,,12.600000381469727,0.0,-28.10999870300293,nan,nan,nan,0.8700000047683716,2,0,0,1,12.600000381469727,id0,
1760177433461608000,11178,1760177433461400900,,12.600000381469727,0.0,-28.19999885559082,nan,nan,nan,0.8700000047683716,2,0,0,1,12.600000381469727,id0,
1760177433712502500,11179,1760177433712248500,,12.600000381469727,0.0,-29.119998931884766,nan,nan,nan,0.8700000047683716,2,0,0,1,12.600000381469727,id0,
1760177433964089500,11180,1760177433963887700,,12.600000381469727,0.0,-29.529998779296875,nan,nan,nan,0.8700000047683716,2,0,0,1,12.600000381469727,id0,
1760177434213254000,11181,1760177434213057800,,12.600000381469727,0.0,-28.920000076293945,nan,nan,nan,0.8700000047683716,2,0,0,1,12.600000381469727,id0,
1760177434464244900,11182,1760177434464030600,,12.600000381469727,0.0,-28.25,nan,nan,nan,0.85999995470047,2,0,0,1,12.600000381469727,id0,
1760177434715317000,11183,1760177434715058000,,12.600000381469727,0.0,-28.03999900817871,nan,nan,nan,0.85999995470047,2,0,0,1,12.600000381469727,id0,
1760177434966950800,11184,1760177434966792500,,12.600000381469727,0.0,-28.059999465942383,nan,nan,nan,0.85999995470047,2,0,0,1,12.600000381469727,id0,
1760177435212939500,11185,1760177435212807500,,12.600000381469727,0.0,-28.229999542236328,nan,nan,nan,0.85999995470047,2,0,0,1,12.600000381469727,id0,
1760177435461813600,11186,1760177435461646100,,12.600000381469727,0.0,-28.299999237060547,nan,nan,nan,0.85999995470047,2,0,0,1,12.600000381469727,id0,
1760177435713797800,11187,1760177435713656300,,12.600000381469727,0.0,-28.299999237060547,nan,nan,nan,0.85999995470047,2,0,0,1,12.600000381469727,id0,
1760177435965521900,11188,1760177435965286600,,12.600000381469727,0.0,-28.299999237060547,nan,nan,nan,0.85999995470047,2,0,0,1,12.600000381469727,id0,
1760177436215300800,11189,1760177436215089400,,12.600000381469727,0.0,-28.19999885559082,nan,nan,nan,0.85999995470047,2,0,0,1,12.600000381469727,id0,
1760177436466548400,11190,1760177436466427200,,12.600000381469727,0.0,-28.18000030517578,nan,nan,nan,0.85999995470047,2,0,0,1,12.600000381469727,id0,
1760177436717448200,11191,1760177436717293100,,12.600000381469727,0.0,-28.15999984741211,nan,nan,nan,0.85999995470047,2,0,0,1,12.600000381469727,id0,
1760177436967552100,11192,1760177436967356300,,12.600000381469727,0.0,-28.1299991607666,nan,nan,nan,0.85999995470047,2,0,0,1,12.600000381469727,id0,
1760177437213711900,11193,1760177437213537100,,12.600000381469727,0.0,-28.10999870300293,nan,nan,nan,0.85999995470047,2,0,0,1,12.600000381469727,id0,
1760177437464328000,11194,1760177437464149900,,12.600000381469727,0.0,-28.19999885559082,nan,nan,nan,0.85999995470047,2,0,0,1,12.600000381469727,id0,
1760177437715627400,11195,1760177437715398500,,12.600000381469727,0.0,-29.149999618530273,nan,nan,nan,0.85999995470047,2,0,0,1,12.600000381469727,id0,
1760177437966583300,11196,1760177437966399100,,12.600000381469727,0.0,-29.529998779296875,nan,nan,nan,0.85999995470047,2,0,0,1,12.600000381469727,id0,
1760177438216114900,11197,1760177438215783500,,12.600000381469727,0.0,-28.899999618530273,nan,nan,nan,0.85999995470047,2,0,0,1,12.600000381469727,id0,
1760177438467331300,11198,1760177438467118200,,12.600000381469727,0.0,-28.25,nan,nan,nan,0.85999995470047,2,0,0,1,12.600000381469727,id0,
1760177438718471500,11199,1760177438718295200,,12.600000381469727,0.0,-28.059999465942383,nan,nan,nan,0.8499999642372131,2,0,0,1,12.600000381469727,id0,
1760177438968345600,11200,1760177438968158800,,12.600000381469727,0.0,-28.059999465942383,nan,nan,nan,0.8499999642372131,2,0,0,1,12.600000381469727,id0,
1760177439214710700,11201,1760177439214500800,,12.600000381469727,0.0,-28.19999885559082,nan,nan,nan,0.8499999642372131,2,0,0,1,12.600000381469727,id0,
1760177439466803500,11202,1760177439466649100,,12.600000381469727,0.0,-28.299999237060547,nan,nan,nan,0.8499999642372131,2,0,0,1,12.600000381469727,id0,
1760177439716198300,11203,1760177439715972300,,12.600000381469727,0.0,-28.299999237060547,nan,nan,nan,0.8499999642372131,2,0,0,1,12.600000381469727,id0,
1760177439966300900,11204,1760177439966189000,,12.600000381469727,0.0,-28.25,nan,nan,nan,0.8499999642372131,2,0,0,1,12.600000381469727,id0,
1760177440217914000,11205,1760177440217743300,,12.600000381469727,0.0,-28.19999885559082,nan,nan,nan,0.8499999642372131,2,0,0,1,12.600000381469727,id0,
1760177440469837600,11206,1760177440469619900,,12.600000381469727,0.0,-28.18000030517578,nan,nan,nan,0.8499999642372131,2,0,0,1,12.600000381469727,id0,
1760177440720408600,11207,1760177440720169100,,12.600000381469727,0.0,-28.1299991607666,nan,nan,nan,0.8499999642372131,2,0,0,1,12.600000381469727,id0,
1760177440971074900,11208,1760177440970900800,,12.600000381469727,0.0,-28.10999870300293,nan,nan,nan,0.8499999642372131,2,0,0,1,12.600000381469727,id0,
1760177441214520400,11209,1760177441214280800,,12.600000381469727,0.0,-28.10999870300293,nan,nan,nan,0.8499999642372131,2,0,0,1,12.600000381469727,id0,
1760177441465615800,11210,1760177441465419100,,12.600000381469727,0.0,-28.19999885559082,nan,nan,nan,0.8499999642372131,2,0,0,1,12.600000381469727,id0,
1760177441716577700,11211,1760177441716392700,,12.600000381469727,0.0,-29.170000076293945,nan,nan,nan,0.8499999642372131,2,0,0,1,12.600000381469727,id0,
1760177441966880000,11212,1760177441966689900,,12.600000381469727,0.0,-29.529998779296875,nan,nan,nan,0.8499999642372131,2,0,0,1,12.600000381469727,id0,
1760177442218551800,11213,1760177442218364200,,12.600000381469727,0.0,-28.869998931884766,nan,nan,nan,0.8499999642372131,2,0,0,1,12.600000381469727,id0,
1760177442468877300,11214,1760177442468680500,,12.600000381469727,0.0,-28.25,nan,nan,nan,0.8499999642372131,2,0,0,1,12.600000381469727,id0,
1760177442721196500,11215,1760177442720939000,,12.600000381469727,0.0,-28.010000228881836,nan,nan,nan,0.8399999737739563,2,0,0,1,12.600000381469727,id0,
1760177442971740100,11216,1760177442971529600,,12.600000381469727,0.0,-28.079999923706055,nan,nan,nan,0.8399999737739563,2,0,0,1,12.600000381469727,id0,
1760177443217430200,11217,1760177443217217700,,12.600000381469727,0.0,-28.229999542236328,nan,nan,nan,0.8399999737739563,2,0,0,1,12.600000381469727,id0,
1760177443466809000,11218,1760177443466602200,,12.600000381469727,0.0,-28.299999237060547,nan,nan,nan,0.8399999737739563,2,0,0,1,12.600000381469727,id0,
1760177443717411700,11219,1760177443717207700,,12.600000381469727,0.0,-28.299999237060547,nan,nan,nan,0.8399999737739563,2,0,0,1,12.600000381469727,id0,
1760177443969979900,11220,1760177443969774400,,12.600000381469727,0.0,-28.299999237060547,nan,nan,nan,0.8399999737739563,2,0,0,1,12.600000381469727,id0,
1760177444218790900,11221,1760177444218583500,,12.600000381469727,0.0,-28.229999542236328,nan,nan,nan,0.8399999737739563,2,0,0,1,12.600000381469727,id0,
1760177444471722500,11222,1760177444471557200,,12.600000381469727,0.0,-28.18000030517578,nan,nan,nan,0.8399999737739563,2,0,0,1,12.600000381469727,id0,
1760177444722171900,11223,1760177444721955000,,12.600000381469727,0.0,-28.15999984741211,nan,nan,nan,0.8399999737739563,2,0,0,1,12.600000381469727,id0,
1760177444971523400,11224,1760177444971335600,,12.600000381469727,0.0,-28.1299991607666,nan,nan,nan,0.8399999737739563,2,0,0,1,12.600000381469727,id0,
1760177445217109000,11225,1760177445216899000,,12.600000381469727,0.0,-28.10999870300293,nan,nan,nan,0.8399999737739563,2,0,0,1,12.600000381469727,id0,
1760177445468011300,11226,1760177445467793300,,12.600000381469727,0.0,-28.25,nan,nan,nan,0.8399999737739563,2,0,0,1,12.600000381469727,id0,
1760177445718775700,11227,1760177445718623700,,12.600000381469727,0.0,-29.219999313354492,nan,nan,nan,0.8399999737739563,2,0,0,1,12.600000381469727,id0,
1760177445971488400,11228,1760177445971280700,,12.600000381469727,0.0,-29.510000228881836,nan,nan,nan,0.8399999737739563,2,0,0,1,12.600000381469727,id0,
1760177446221712200,11229,1760177446221522600,,12.600000381469727,0.0,-28.869998931884766,nan,nan,nan,0.8399999737739563,2,0,0,1,12.600000381469727,id0,
1760177446470620600,11230,1760177446470470700,,12.600000381469727,0.0,-28.25,nan,nan,nan,0.8399999737739563,2,0,0,1,12.600000381469727,id0,
1760177446722626200,11231,1760177446722452600,,12.600000381469727,0.0,-28.010000228881836,nan,nan,nan,0.8399999737739563,2,0,0,1,12.600000381469727,id0,
1760177446972703900,11232,1760177446972494900,,12.600000381469727,0.0,-28.10999870300293,nan,nan,nan,0.8299999833106995,2,0,0,1,12.600000381469727,id0,
1760177447218407600,11233,1760177447218239900,,12.600000381469727,0.0,-28.19999885559082,nan,nan,nan,0.8299999833106995,2,0,0,1,12.600000381469727,id0,
1760177447468479600,11234,1760177447468326600,,12.600000381469727,0.0,-28.25,nan,nan,nan,0.8299999833106995,2,0,0,1,12.600000381469727,id0,
1760177447721587200,11235,1760177447721411100,,12.600000381469727,0.0,-28.299999237060547,nan,nan,nan,0.8299999833106995,2,0,0,1,12.600000381469727,id0,
1760177447970659400,11236,1760177447970486900,,12.600000381469727,0.0,-28.299999237060547,nan,nan,nan,0.8299999833106995,2,0,0,1,12.600000381469727,id0,
1760177448223278400,11237,1760177448223119900,,12.600000381469727,0.0,-28.19999885559082,nan,nan,nan,0.8299999833106995,2,0,0,1,12.600000381469727,id0,
1760177448472043200,11238,1760177448471776800,,12.600000381469727,0.0,-28.19999885559082,nan,nan,nan,0.8299999833106995,2,0,0,1,12.600000381469727,id0,
1760177448723964000,11239,1760177448723788700,,12.600000381469727,0.0,-28.15999984741211,nan,nan,nan,0.8299999833106995,2,0,0,1,12.600000381469727,id0,
1760177448973471700,11240,1760177448973291000,,12.600000381469727,0.0,-28.10999870300293,nan,nan,nan,0.8299999833106995,2,0,0,1,12.600000381469727,id0,
1760177449220660700,11241,1760177449220473400,,12.600000381469727,0.0,-28.10999870300293,nan,nan,nan,0.8299999833106995,2,0,0,1,12.600000381469727,id0,
1760177449469797000,11242,1760177449469584300,,12.600000381469727,0.0,-28.229999542236328,nan,nan,nan,0.8299999833106995,2,0,0,1,12.600000381469727,id0,
1760177449722115700,11243,1760177449721929800,,12.600000381469727,0.0,-29.219999313354492,nan,nan,nan,0.8299999833106995,2,0,0,1,12.600000381469727,id0,
1760177449973445500,11244,1760177449973244200,,12.600000381469727,0.0,-29.510000228881836,nan,nan,nan,0.8299999833106995,2,0,0,1,12.600000381469727,id0,
1760177450223911300,11245,1760177450223739700,,12.600000381469727,0.0,-28.869998931884766,nan,nan,nan,0.8299999833106995,2,0,0,1,12.600000381469727,id0,
1760177450473400400,11246,1760177450473201100,,12.600000381469727,0.0,-28.25,nan,nan,nan,0.8299999833106995,2,0,0,1,12.600000381469727,id0,
1760177450725038700,11247,1760177450724811600,,12.600000381469727,0.0,-28.010000228881836,nan,nan,nan,0.8299999833106995,2,0,0,1,12.600000381469727,id0,
1760177450975341300,11248,1760177450975168300,,12.600000381469727,0.0,-28.079999923706055,nan,nan,nan,0.8299999833106995,2,0,0,1,12.600000381469727,id0,
1760177451221630000,11249,1760177451221354300,,12.600000381469727,0.0,-28.19999885559082,nan,nan,nan,0.8199999928474426,2,0,0,1,12.600000381469727,id0,
1760177451472036600,11250,1760177451471853300,,12.600000381469727,0.0,-28.299999237060547,nan,nan,nan,0.8199999928474426,2,0,0,1,12.600000381469727,id0,
1760177451723385600,11251,1760177451723187300,,12.600000381469727,0.0,-28.299999237060547,nan,nan,nan,0.8199999928474426,2,0,0,1,12.600000381469727,id0,
1760177451974380400,11252,1760177451974158400,,12.600000381469727,0.0,-28.25,nan,nan,nan,0.8199999928474426,2,0,0,1,12.600000381469727,id0,
1760177452225012400,11253,1760177452224792700,,12.600000381469727,0.0,-28.229999542236328,nan,nan,nan,0.8199999928474426,2,0,0,1,12.600000381469727,id0,
1760177452476371200,11254,1760177452476159100,,12.600000381469727,0.0,-28.19999885559082,nan,nan,nan,0.8199999928474426,2,0,0,1,12.600000381469727,id0,
1760177452725680000,11255,1760177452725482400,,12.600000381469727,0.0,-28.15999984741211,nan,nan,nan,0.8199999928474426,2,0,0,1,12.600000381469727,id0,
1760177452976971000,11256,1760177452976826600,,12.600000381469727,0.0,-28.10999870300293,nan,nan,nan,0.8199999928474426,2,0,0,1,12.600000381469727,id0,
1760177453223438200,11257,1760177453223283600,,12.600000381469727,0.0,-28.10999870300293,nan,nan,nan,0.8199999928474426,2,0,0,1,12.600000381469727,id0,
1760177453473043300,11258,1760177453472830600,,12.600000381469727,0.0,-28.25,nan,nan,nan,0.8199999928474426,2,0,0,1,12.600000381469727,id0,
1760177453723647900,11259,1760177453723451300,,12.600000381469727,0.0,-29.219999313354492,nan,nan,nan,0.8199999928474426,2,0,0,1,12.600000381469727,id0,
1760177453973428900,11260,1760177453973225800,,12.600000381469727,0.0,-29.559999465942383,nan,nan,nan,0.8199999928474426,2,0,0,1,12.600000381469727,id0,
1760177454225703100,11261,1760177454225509600,,12.600000381469727,0.0,-28.869998931884766,nan,nan,nan,0.8199999928474426,2,0,0,1,12.600000381469727,id0,
1760177454476098800,11262,1760177454475942600,,12.600000381469727,0.0,-28.25,nan,nan,nan,0.8199999928474426,2,0,0,1,12.600000381469727,id0,
1760177454727967200,11263,1760177454727796700,,12.600000381469727,0.0,-28.010000228881836,nan,nan,nan,0.8199999928474426,2,0,0,1,12.600000381469727,id0,
1760177454978473900,11264,1760177454978274600,,12.600000381469727,0.0,-28.059999465942383,nan,nan,nan,0.8199999928474426,2,0,0,1,12.600000381469727,id0,
1760177455224231500,11265,1760177455224052000,,12.600000381469727,0.0,-28.19999885559082,nan,nan,nan,0.8199999928474426,2,0,0,1,12.600000381469727,id0,
1760177455473558600,11266,1760177455473411300,,12.600000381469727,0.0,-28.279998779296875,nan,nan,nan,0.8100000023841858,2,0,0,1,12.600000381469727,id0,
1760177455725458200,11267,1760177455725262300,,12.600000381469727,0.0,-28.299999237060547,nan,nan,nan,0.8100000023841858,2,0,0,1,12.600000381469727,id0,
1760177455975107400,11268,1760177455974967400,,12.600000381469727,0.0,-28.25,nan,nan,nan,0.8100000023841858,2,0,0,1,12.600000381469727,id0,
1760177456228339000,11269,1760177456228163000,,12.600000381469727,0.0,-28.19999885559082,nan,nan,nan,0.8100000023841858,2,0,0,1,12.600000381469727,id0,
1760177456476643700,11270,1760177456476417300,,12.600000381469727,0.0,-28.18000030517578,nan,nan,nan,0.8100000023841858,2,0,0,1,12.600000381469727,id0,
1760177456728672400,11271,1760177456728476100,,12.600000381469727,0.0,-28.15999984741211,nan,nan,nan,0.8100000023841858,2,0,0,1,12.600000381469727,id0,
1760177456978937700,11272,1760177456978754000,,12.600000381469727,0.0,-28.10999870300293,nan,nan,nan,0.8100000023841858,2,0,0,1,12.600000381469727,id0,
1760177457225129800,11273,1760177457224917700,,12.600000381469727,0.0,-28.10999870300293,nan,nan,nan,0.8100000023841858,2,0,0,1,12.600000381469727,id0,
1760177457475012800,11274,1760177457474865400,,12.600000381469727,0.0,-28.25,nan,nan,nan,0.8100000023841858,2,0,0,1,12.600000381469727,id0,
1760177457725317800,11275,1760177457725126000,,12.600000381469727,0.0,-29.219999313354492,nan,nan,nan,0.8100000023841858,2,0,0,1,12.600000381469727,id0,
1760177457975716900,11276,1760177457975525600,,12.600000381469727,0.0,-29.510000228881836,nan,nan,nan,0.8100000023841858,2,0,0,1,12.600000381469727,id0,
1760177458227242500,11277,1760177458227070700,,12.600000381469727,0.0,-28.869998931884766,nan,nan,nan,0.8100000023841858,2,0,0,1,12.600000381469727,id0,
1760177458479596900,11278,1760177458479435900,,12.600000381469727,0.0,-28.219999313354492,nan,nan,nan,0.8100000023841858,2,0,0,1,12.600000381469727,id0,
1760177458729279500,11279,1760177458729051400,,12.600000381469727,0.0,-28.010000228881836,nan,nan,nan,0.8100000023841858,2,0,0,1,12.600000381469727,id0,
1760177458979287600,11280,1760177458979135400,,12.600000381469727,0.0,-28.079999923706055,nan,nan,nan,0.8100000023841858,2,0,0,1,12.600000381469727,id0,
1760177459224963100,11281,1760177459224781900,,12.600000381469727,0.0,-28.19999885559082,nan,nan,nan,0.8100000023841858,2,0,0,1,12.600000381469727,id0,
1760177459475209200,11282,1760177459475023600,,12.600000381469727,0.0,-28.299999237060547,nan,nan,nan,0.7999999523162842,2,0,0,1,12.600000381469727,id0,
1760177459727863600,11283,1760177459727669800,,12.600000381469727,0.0,-28.299999237060547,nan,nan,nan,0.7999999523162842,2,0,0,1,12.600000381469727,id0,
1760177459977297900,11284,1760177459977117200,,12.600000381469727,0.0,-28.299999237060547,nan,nan,nan,0.7999999523162842,2,0,0,1,12.600000381469727,id0,
1760177460229214700,11285,1760177460228996500,,12.600000381469727,0.0,-28.229999542236328,nan,nan,nan,0.7999999523162842,2,0,0,1,12.600000381469727,id0,
1760177460478549200,11286,1760177460478369100,,12.600000381469727,0.0,-28.19999885559082,nan,nan,nan,0.7999999523162842,2,0,0,1,12.600000381469727,id0,
1760177460730297000,11287,1760177460730122000,,12.600000381469727,0.0,-28.15999984741211,nan,nan,nan,0.7999999523162842,2,0,0,1,12.600000381469727,id0,
1760177460982522700,11288,1760177460982266500,,12.600000381469727,0.0,-28.1299991607666,nan,nan,nan,0.7999999523162842,2,0,0,1,12.600000381469727,id0,
1760177461226144000,11289,1760177461225934300,,12.600000381469727,0.0,-28.10999870300293,nan,nan,nan,0.7999999523162842,2,0,0,1,12.600000381469727,id0,
1760177461478015800,11290,1760177461477837800,,12.600000381469727,0.0,-28.25,nan,nan,nan,0.7999999523162842,2,0,0,1,12.600000381469727,id0,
1760177461727715200,11291,1760177461727502400,,12.600000381469727,0.0,-29.219999313354492,nan,nan,nan,0.7999999523162842,2,0,0,1,12.600000381469727,id0,
1760177461980722000,11292,1760177461980531900,,12.600000381469727,0.0,-29.510000228881836,nan,nan,nan,0.7999999523162842,2,0,0,1,12.600000381469727,id0,
1760177462229034600,11293,1760177462228819400,,12.600000381469727,0.0,-28.869998931884766,nan,nan,nan,0.7999999523162842,2,0,0,1,12.600000381469727,id0,
1760177462483412500,11294,1760177462483254800,,12.600000381469727,0.0,-28.219999313354492,nan,nan,nan,0.7999999523162842,2,0,0,1,12.600000381469727,id0,
1760177462732277800,11295,1760177462732061600,,12.600000381469727,0.0,-28.010000228881836,nan,nan,nan,0.7999999523162842,2,0,0,1,12.600000381469727,id0,
1760177462982747500,11296,1760177462982493900,,12.600000381469727,0.0,-28.10999870300293,nan,nan,nan,0.7999999523162842,2,0,0,1,12.600000381469727,id0,
1760177463227686700,11297,1760177463227510900,,12.600000381469727,0.0,-28.25,nan,nan,nan,0.7999999523162842,2,0,0,1,12.600000381469727,id0,
1760177463478152700,11298,1760177463477967400,,12.600000381469727,0.0,-28.279998779296875,nan,nan,nan,0.7999999523162842,2,0,0,1,12.600000381469727,id0,
1760177463730342100,11299,1760177463730150200,,12.600000381469727,0.0,-28.299999237060547,nan,nan,nan,0.7899999618530273,2,0,0,1,12.600000381469727,id0,
1760177463979387800,11300,1760177463979176000,,12.600000381469727,0.0,-28.25,nan,nan,nan,0.7899999618530273,2,0,0,1,12.600000381469727,id0,
1760177464230943000,11301,1760177464230754900,,12.600000381469727,0.0,-28.19999885559082,nan,nan,nan,0.7899999618530273,2,0,0,1,12.600000381469727,id0,
1760177464483257800,11302,1760177464483088500,,12.600000381469727,0.0,-28.18000030517578,nan,nan,nan,0.7899999618530273,2,0,0,1,12.600000381469727,id0,
1760177464732149900,11303,1760177464731951500,,12.600000381469727,0.0,-28.15999984741211,nan,nan,nan,0.7899999618530273,2,0,0,1,12.600000381469727,id0,
1760177464982838100,11304,1760177464982662300,,12.600000381469727,0.0,-28.1299991607666,nan,nan,nan,0.7899999618530273,2,0,0,1,12.600000381469727,id0,
1760177465228183500,11305,1760177465228002200,,12.600000381469727,0.0,-28.10999870300293,nan,nan,nan,0.7899999618530273,2,0,0,1,12.600000381469727,id0,
1760177465479799500,11306,1760177465479565500,,12.600000381469727,0.0,-28.25,nan,nan,nan,0.7899999618530273,2,0,0,1,12.600000381469727,id0,
1760177465729441700,11307,1760177465729219800,,12.600000381469727,0.0,-29.219999313354492,nan,nan,nan,0.7899999618530273,2,0,0,1,12.600000381469727,id0,
1760177465981442400,11308,1760177465981253000,,12.600000381469727,0.0,-29.510000228881836,nan,nan,nan,0.7899999618530273,2,0,0,1,12.600000381469727,id0,
1760177466231487100,11309,1760177466231238500,,12.600000381469727,0.0,-28.81999969482422,nan,nan,nan,0.7899999618530273,2,0,0,1,12.600000381469727,id0,
1760177466482064500,11310,1760177466481871700,,12.600000381469727,0.0,-28.19999885559082,nan,nan,nan,0.7899999618530273,2,0,0,1,12.600000381469727,id0,
1760177466733518900,11311,1760177466733337400,,12.600000381469727,0.0,-28.010000228881836,nan,nan,nan,0.7899999618530273,2,0,0,1,12.600000381469727,id0,
1760177466985102300,11312,1760177466984895800,,12.600000381469727,0.0,-28.10999870300293,nan,nan,nan,0.7899999618530273,2,0,0,1,12.600000381469727,id0,
1760177467231272900,11313,1760177467231098900,,12.600000381469727,0.0,-28.19999885559082,nan,nan,nan,0.7899999618530273,2,0,0,1,12.600000381469727,id0,
1760177467480130100,11314,1760177467479965300,,12.600000381469727,0.0,-28.25,nan,nan,nan,0.7899999618530273,2,0,0,1,12.600000381469727,id0,
1760177467732662700,11315,1760177467732465500,,12.600000381469727,0.0,-28.299999237060547,nan,nan,nan,0.7899999618530273,2,0,0,1,12.600000381469727,id0,
1760177467982301900,11316,1760177467982081500,,12.600000381469727,0.0,-28.25,nan,nan,nan,0.7799999713897705,2,0,0,1,12.600000381469727,id0,
1760177468234090900,11317,1760177468233896200,,12.600000381469727,0.0,-28.19999885559082,nan,nan,nan,0.7799999713897705,2,0,0,1,12.600000381469727,id0,
1760177468484978100,11318,1760177468484855000,,12.600000381469727,0.0,-28.15999984741211,nan,nan,nan,0.7799999713897705,2,0,0,1,12.600000381469727,id0,
1760177468735376500,11319,1760177468735183300,,12.600000381469727,0.0,-28.15999984741211,nan,nan,nan,0.7799999713897705,2,0,0,1,12.600000381469727,id0,
1760177468987354400,11320,1760177468987170700,,12.600000381469727,0.0,-28.10999870300293,nan,nan,nan,0.7799999713897705,2,0,0,1,12.600000381469727,id0,
1760177469231154000,11321,1760177469230949200,,12.600000381469727,0.0,-28.10999870300293,nan,nan,nan,0.7799999713897705,2,0,0,1,12.600000381469727,id0,
1760177469481654400,11322,1760177469481445400,,12.600000381469727,0.0,-28.25,nan,nan,nan,0.7799999713897705,2,0,0,1,12.600000381469727,id0,
1760177469733079300,11323,1760177469732896800,,12.600000381469727,0.0,-29.219999313354492,nan,nan,nan,0.7799999713897705,2,0,0,1,12.600000381469727,id0,
1760177469983794300,11324,1760177469983604400,,12.600000381469727,0.0,-29.529998779296875,nan,nan,nan,0.7799999713897705,2,0,0,1,12.600000381469727,id0,
1760177470233927700,11325,1760177470233751800,,12.600000381469727,0.0,-28.81999969482422,nan,nan,nan,0.7799999713897705,2,0,0,1,12.600000381469727,id0,
1760177470485605700,11326,1760177470485449600,,12.600000381469727,0.0,-28.19999885559082,nan,nan,nan,0.7799999713897705,2,0,0,1,12.600000381469727,id0,
1760177470736299000,11327,1760177470736123100,,12.600000381469727,0.0,-28.03999900817871,nan,nan,nan,0.7799999713897705,2,0,0,1,12.600000381469727,id0,
1760177470989080700,11328,1760177470988809200,,12.600000381469727,0.0,-28.079999923706055,nan,nan,nan,0.7799999713897705,2,0,0,1,12.600000381469727,id0,
1760177471231664400,11329,1760177471231411600,,12.600000381469727,0.0,-28.25,nan,nan,nan,0.7799999713897705,2,0,0,1,12.600000381469727,id0,
1760177471483063100,11330,1760177471482842300,,12.600000381469727,0.0,-28.279998779296875,nan,nan,nan,0.7799999713897705,2,0,0,1,12.600000381469727,id0,
1760177471733782600,11331,1760177471733568000,,12.600000381469727,0.0,-28.299999237060547,nan,nan,nan,0.7799999713897705,2,0,0,1,12.600000381469727,id0,
1760177471984840600,11332,1760177471984646300,,12.600000381469727,0.0,-28.279998779296875,nan,nan,nan,0.7799999713897705,2,0,0,1,12.600000381469727,id0,
1760177472234503700,11333,1760177472234344300,,12.600000381469727,0.0,-28.19999885559082,nan,nan,nan,0.7699999809265137,2,0,0,1,12.600000381469727,id0,
1760177472487968300,11334,1760177472487822800,,12.600000381469727,0.0,-28.18000030517578,nan,nan,nan,0.7699999809265137,2,0,0,1,12.600000381469727,id0,
1760177472736431600,11335,1760177472736209200,,12.600000381469727,0.0,-28.15999984741211,nan,nan,nan,0.7699999809265137,2,0,0,1,12.600000381469727,id0,
1760177472987735300,11336,1760177472987551200,,12.600000381469727,0.0,-28.10999870300293,nan,nan,nan,0.7699999809265137,2,0,0,1,12.600000381469727,id0,
1760177473233248500,11337,1760177473233052700,,12.600000381469727,0.0,-28.10999870300293,nan,nan,nan,0.7699999809265137,2,0,0,1,12.600000381469727,id0,
1760177473484279600,11338,1760177473484069600,,12.600000381469727,0.0,-28.25,nan,nan,nan,0.7699999809265137,2,0,0,1,12.600000381469727,id0,
1760177473734525600,11339,1760177473734330600,,12.600000381469727,0.0,-29.26999855041504,nan,nan,nan,0.7699999809265137,2,0,0,1,12.600000381469727,id0,
1760177473987158500,11340,1760177473986984200,,12.600000381469727,0.0,-29.510000228881836,nan,nan,nan,0.7699999809265137,2,0,0,1,12.600000381469727,id0,
1760177474237153900,11341,1760177474236886100,,12.600000381469727,0.0,-28.849998474121094,nan,nan,nan,0.7699999809265137,2,0,0,1,12.600000381469727,id0,
1760177474488347000,11342,1760177474488152000,,12.600000381469727,0.0,-28.19999885559082,nan,nan,nan,0.7699999809265137,2,0,0,1,12.600000381469727,id0,
1760177474738038200,11343,1760177474737783300,,12.600000381469727,0.0,-28.03999900817871,nan,nan,nan,0.7699999809265137,2,0,0,1,12.600000381469727,id0,
1760177474983032700,11344,1760177474982799800,,12.600000381469727,0.0,-28.10999870300293,nan,nan,nan,0.7699999809265137,2,0,0,1,12.600000381469727,id0,
1760177475234654300,11345,1760177475234439200,,12.600000381469727,0.0,-28.25,nan,nan,nan,0.7699999809265137,2,0,0,1,12.600000381469727,id0,
1760177475485589600,11346,1760177475485363500,,12.600000381469727,0.0,-28.279998779296875,nan,nan,nan,0.7699999809265137,2,0,0,1,12.600000381469727,id0,
1760177475736798600,11347,1760177475736604300,,12.600000381469727,0.0,-28.299999237060547,nan,nan,nan,0.7699999809265137,2,0,0,1,12.600000381469727,id0,
1760177475987018700,11348,1760177475986803500,,12.600000381469727,0.0,-28.279998779296875,nan,nan,nan,0.7699999809265137,2,0,0,1,12.600000381469727,id0,
1760177476238367200,11349,1760177476238182800,,12.600000381469727,0.0,-28.229999542236328,nan,nan,nan,0.7599999904632568,2,0,0,1,12.600000381469727,id0,
1760177476487860700,11350,1760177476487699300,,12.600000381469727,0.0,-28.18000030517578,nan,nan,nan,0.7599999904632568,2,0,0,1,12.600000381469727,id0,
1760177476739320500,11351,1760177476739194400,,12.600000381469727,0.0,-28.15999984741211,nan,nan,nan,0.7599999904632568,2,0,0,1,12.600000381469727,id0,
1760177476984661100,11352,1760177476984447700,,12.600000381469727,0.0,-28.1299991607666,nan,nan,nan,0.7599999904632568,2,0,0,1,12.600000381469727,id0,
1760177477235569500,11353,1760177477235352400,,12.600000381469727,0.0,-28.10999870300293,nan,nan,nan,0.7599999904632568,2,0,0,1,12.600000381469727,id0,
1760177477485703000,11354,1760177477485497200,,12.600000381469727,0.0,-28.25,nan,nan,nan,0.7599999904632568,2,0,0,1,12.600000381469727,id0,
1760177477738703000,11355,1760177477738409500,,12.600000381469727,0.0,-29.26999855041504,nan,nan,nan,0.7599999904632568,2,0,0,1,12.600000381469727,id0,
1760177477987443600,11356,1760177477987252600,,12.600000381469727,0.0,-29.529998779296875,nan,nan,nan,0.7599999904632568,2,0,0,1,12.600000381469727,id0,
1760177478239231100,11357,1760177478239067800,,12.600000381469727,0.0,-28.76999855041504,nan,nan,nan,0.7599999904632568,2,0,0,1,12.600000381469727,id0,
1760177478488917000,11358,1760177478488774000,,12.600000381469727,0.0,-28.149999618530273,nan,nan,nan,0.7599999904632568,2,0,0,1,12.600000381469727,id0,
1760177478739922900,11359,1760177478739679800,,12.600000381469727,0.0,-28.059999465942383,nan,nan,nan,0.7599999904632568,2,0,0,1,12.600000381469727,id0,
1760177478985286200,11360,1760177478985098200,,12.600000381469727,0.0,-28.079999923706055,nan,nan,nan,0.7599999904632568,2,0,0,1,12.600000381469727,id0,
1760177479235920700,11361,1760177479235736000,,12.600000381469727,0.0,-28.19999885559082,nan,nan,nan,0.7599999904632568,2,0,0,1,12.600000381469727,id0,
1760177479486940000,11362,1760177479486756500,,12.600000381469727,0.0,-28.25,nan,nan,nan,0.7599999904632568,2,0,0,1,12.600000381469727,id0,
1760177479737301900,11363,1760177479737090200,,12.600000381469727,0.0,-28.299999237060547,nan,nan,nan,0.7599999904632568,2,0,0,1,12.600000381469727,id0,
1760177479989752300,11364,1760177479989551000,,12.600000381469727,0.0,-28.25,nan,nan,nan,0.7599999904632568,2,0,0,1,12.600000381469727,id0,
1760177480239420800,11365,1760177480239220200,,12.600000381469727,0.0,-28.18000030517578,nan,nan,nan,0.7599999904632568,2,0,0,1,12.600000381469727,id0,
1760177480492212400,11366,1760177480492023000,,12.600000381469727,0.0,-28.18000030517578,nan,nan,nan,0.75,2,0,0,1,12.600000381469727,id0,
1760177480742070600,11367,1760177480741856600,,12.600000381469727,0.0,-28.15999984741211,nan,nan,nan,0.75,2,0,0,1,12.600000381469727,id0,
1760177480986876000,11368,1760177480986718100,,12.600000381469727,0.0,-28.10999870300293,nan,nan,nan,0.75,2,0,0,1,12.600000381469727,id0,
1760177481236597700,11369,1760177481236406000,,12.600000381469727,0.0,-28.079999923706055,nan,nan,nan,0.75,2,0,0,1,12.600000381469727,id0,
1760177481489437900,11370,1760177481489243300,,12.600000381469727,0.0,-28.25,nan,nan,nan,0.75,2,0,0,1,12.600000381469727,id0,
1760177481738834700,11371,1760177481738607400,,12.600000381469727,0.0,-29.26999855041504,nan,nan,nan,0.75,2,0,0,1,12.600000381469727,id0,
1760177481990055200,11372,1760177481989866100,,12.600000381469727,0.0,-29.510000228881836,nan,nan,nan,0.75,2,0,0,1,12.600000381469727,id0,
1760177482241551500,11373,1760177482241321400,,12.600000381469727,0.0,-28.76999855041504,nan,nan,nan,0.75,2,0,0,1,12.600000381469727,id0,
1760177482491312700,11374,1760177482491094200,,12.600000381469727,0.0,-28.18000030517578,nan,nan,nan,0.75,2,0,0,1,12.600000381469727,id0,
1760177482742957800,11375,1760177482742781300,,12.600000381469727,0.0,-28.010000228881836,nan,nan,nan,0.75,2,0,0,1,12.600000381469727,id0,
1760177482987922900,11376,1760177482987682200,,12.600000381469727,0.0,-28.079999923706055,nan,nan,nan,0.75,2,0,0,1,12.600000381469727,id0,
1760177483240243600,11377,1760177483240021800,,12.600000381469727,0.0,-28.19999885559082,nan,nan,nan,0.75,2,0,0,1,12.600000381469727,id0,
1760177483490274600,11378,1760177483490065500,,12.600000381469727,0.0,-28.279998779296875,nan,nan,nan,0.75,2,0,0,1,12.600000381469727,id0,
1760177483741848200,11379,1760177483741699400,,12.600000381469727,0.0,-28.299999237060547,nan,nan,nan,0.75,2,0,0,1,12.600000381469727,id0,
1760177483992107100,11380,1760177483991918500,,12.600000381469727,0.0,-28.25,nan,nan,nan,0.75,2,0,0,1,12.600000381469727,id0,
1760177484242131100,11381,1760177484241960200,,12.600000381469727,0.0,-28.19999885559082,nan,nan,nan,0.75,2,0,0,1,12.600000381469727,id0,
1760177484493021400,11382,1760177484492838800,,12.600000381469727,0.0,-28.15999984741211,nan,nan,nan,0.75,2,0,0,1,12.600000381469727,id0,
1760177484744575000,11383,1760177484744347200,,12.600000381469727,0.0,-28.15999984741211,nan,nan,nan,0.7400000095367432,2,0,0,1,12.600000381469727,id0,
1760177484990601800,11384,1760177484990367200,,12.600000381469727,0.0,-28.10999870300293,nan,nan,nan,0.7400000095367432,2,0,0,1,12.600000381469727,id0,
1760177485239543900,11385,1760177485239398100,,12.600000381469727,0.0,-28.079999923706055,nan,nan,nan,0.7400000095367432,2,0,0,1,12.600000381469727,id0,
1760177485491504100,11386,1760177485491282600,,12.600000381469727,0.0,-28.25,nan,nan,nan,0.7400000095367432,2,0,0,1,12.600000381469727,id0,
1760177485741383300,11387,1760177485741141000,,12.600000381469727,0.0,-29.26999855041504,nan,nan,nan,0.7400000095367432,2,0,0,1,12.600000381469727,id0,
1760177485994167600,11388,1760177485994045100,,12.600000381469727,0.0,-29.529998779296875,nan,nan,nan,0.7400000095367432,2,0,0,1,12.600000381469727,id0,
1760177486242963100,11389,1760177486242773200,,12.600000381469727,0.0,-28.76999855041504,nan,nan,nan,0.7400000095367432,2,0,0,1,12.600000381469727,id0,
1760177486493862900,11390,1760177486493653400,,12.600000381469727,0.0,-28.149999618530273,nan,nan,nan,0.7400000095367432,2,0,0,1,12.600000381469727,id0,
1760177486744146400,11391,1760177486743903200,,12.600000381469727,0.0,-28.059999465942383,nan,nan,nan,0.7400000095367432,2,0,0,1,12.600000381469727,id0,
1760177486990405800,11392,1760177486990229700,,12.600000381469727,0.0,-28.10999870300293,nan,nan,nan,0.7400000095367432,2,0,0,1,12.600000381469727,id0,
1760177487241745200,11393,1760177487241546400,,12.600000381469727,0.0,-28.25,nan,nan,nan,0.7400000095367432,2,0,0,1,12.600000381469727,id0,
1760177487492733100,11394,1760177487492514800,,12.600000381469727,0.0,-28.299999237060547,nan,nan,nan,0.7400000095367432,2,0,0,1,12.600000381469727,id0,
1760177487743163800,11395,1760177487742901400,,12.600000381469727,0.0,-28.299999237060547,nan,nan,nan,0.7400000095367432,2,0,0,1,12.600000381469727,id0,
1760177487993350300,11396,1760177487993124500,,12.600000381469727,0.0,-28.299999237060547,nan,nan,nan,0.7400000095367432,2,0,0,1,12.600000381469727,id0,
1760177488245180200,11397,1760177488245006800,,12.600000381469727,0.0,-28.19999885559082,nan,nan,nan,0.7400000095367432,2,0,0,1,12.600000381469727,id0,
1760177488496145400,11398,1760177488495935000,,12.600000381469727,0.0,-28.15999984741211,nan,nan,nan,0.7400000095367432,2,0,0,1,12.600000381469727,id0,
1760177488745276500,11399,1760177488745105200,,12.600000381469727,0.0,-28.15999984741211,nan,nan,nan,0.7299999594688416,2,0,0,1,12.600000381469727,id0,
1760177488992975200,11400,1760177488992751400,,12.600000381469727,0.0,-28.10999870300293,nan,nan,nan,0.7299999594688416,2,0,0,1,12.600000381469727,id0,
1760177489242519400,11401,1760177489242286100,,12.600000381469727,0.0,-28.10999870300293,nan,nan,nan,0.7299999594688416,2,0,0,1,12.600000381469727,id0,
1760177489493150000,11402,1760177489492973900,,12.600000381469727,0.0,-28.10999870300293,nan,nan,nan,0.7299999594688416,2,0,0,1,12.600000381469727,id0,
1760177489743949000,11403,1760177489743781500,,12.600000381469727,0.0,-28.10999870300293,nan,nan,nan,0.7299999594688416,2,0,0,1,12.600000381469727,id0,
1760177489994095900,11404,1760177489993928700,,12.600000381469727,0.0,-28.10999870300293,nan,nan,nan,0.7299999594688416,2,0,0,1,12.600000381469727,id0,
1760177490244955900,11405,1760177490244739500,,12.600000381469727,0.0,-28.10999870300293,nan,nan,nan,0.7299999594688416,2,0,0,1,12.600000381469727,id0,
1760177490495345800,11406,1760177490495178900,,12.600000381469727,0.0,-28.10999870300293,nan,nan,nan,0.7299999594688416,2,0,0,1,12.600000381469727,id0,
1760177490747060000,11407,1760177490746877500,,12.600000381469727,0.0,-28.1299991607666,nan,nan,nan,0.7299999594688416,2,0,0,1,12.600000381469727,id0,
1760177490993110800,11408,1760177490992984800,,12.600000381469727,0.0,-28.10999870300293,nan,nan,nan,0.7299999594688416,2,0,0,1,12.600000381469727,id0,
1760177491242876400,11409,1760177491242651300,,12.600000381469727,0.0,-28.10999870300293,nan,nan,nan,0.7299999594688416,2,0,0,1,12.600000381469727,id0,
1760177491494183000,11410,1760177491494027800,,12.600000381469727,0.0,-28.10999870300293,nan,nan,nan,0.7299999594688416,2,0,0,1,12.600000381469727,id0,
1760177491744863400,11411,1760177491744625200,,12.600000381469727,0.0,-28.1299991607666,nan,nan,nan,0.7299999594688416,2,0,0,1,12.600000381469727,id0,
1760177491996409700,11412,1760177491996254300,,12.600000381469727,0.0,-28.10999870300293,nan,nan,nan,0.7299999594688416,2,0,0,1,12.600000381469727,id0,
1760177492246803400,11413,1760177492246605900,,12.600000381469727,0.0,-28.10999870300293,nan,nan,nan,0.7299999594688416,2,0,0,1,12.600000381469727,id0,
1760177492496778900,11414,1760177492496586000,,12.600000381469727,0.0,-28.10999870300293,nan,nan,nan,0.7299999594688416,2,0,0,1,12.600000381469727,id0,
1760177492747803000,11415,1760177492747534900,,12.600000381469727,0.0,-28.10999870300293,nan,nan,nan,0.7299999594688416,2,0,0,1,12.600000381469727,id0,
1760177492994429600,11416,1760177492994232700,,12.600000381469727,0.0,-28.10999870300293,nan,nan,nan,0.7299999594688416,2,0,0,1,12.600000381469727,id0,
1760177493244665100,11417,1760177493244447700,,12.600000381469727,0.0,-28.10999870300293,nan,nan,nan,0.7199999690055847,2,0,0,1,12.600000381469727,id0,
1760177493495003500,11418,1760177493494792500,,12.600000381469727,0.0,-28.10999870300293,nan,nan,nan,0.7199999690055847,2,0,0,1,12.600000381469727,id0,
1760177493745622900,11419,1760177493745377600,,12.600000381469727,0.0,-28.10999870300293,nan,nan,nan,0.7199999690055847,2,0,0,1,12.600000381469727,id0,
1760177493996662200,11420,1760177493996539100,,12.600000381469727,0.0,-28.10999870300293,nan,nan,nan,0.7199999690055847,2,0,0,1,12.600000381469727,id0,
1760177494248614400,11421,1760177494248468000,,12.600000381469727,0.0,-28.10999870300293,nan,nan,nan,0.7199999690055847,2,0,0,1,12.600000381469727,id0,
1760177494497452800,11422,1760177494497240900,,12.600000381469727,0.0,-28.10999870300293,nan,nan,nan,0.7199999690055847,2,0,0,1,12.600000381469727,id0,
1760177494749603900,11423,1760177494749354400,,12.600000381469727,0.0,-28.1299991607666,nan,nan,nan,0.7199999690055847,2,0,0,1,12.600000381469727,id0,
1760177494995006700,11424,1760177494994826600,,12.600000381469727,0.0,-28.10999870300293,nan,nan,nan,0.7199999690055847,2,0,0,1,12.600000381469727,id0,
1760177495245447400,11425,1760177495245250200,,12.600000381469727,0.0,-28.10999870300293,nan,nan,nan,0.7199999690055847,2,0,0,1,12.600000381469727,id0,
1760177495496610100,11426,1760177495496398000,,12.600000381469727,0.0,-28.10999870300293,nan,nan,nan,0.7199999690055847,2,0,0,1,12.600000381469727,id0,
1760177495747285100,11427,1760177495747024700,,12.600000381469727,0.0,-28.10999870300293,nan,nan,nan,0.7199999690055847,2,0,0,1,12.600000381469727,id0,
1760177495998623400,11428,1760177495998361000,,12.600000381469727,0.0,-28.1299991607666,nan,nan,nan,0.7199999690055847,2,0,0,1,12.600000381469727,id0,
1760177496249761200,11429,1760177496249587200,,12.600000381469727,0.0,-28.10999870300293,nan,nan,nan,0.7199999690055847,2,0,0,1,12.600000381469727,id0,
1760177496499598600,11430,1760177496499424300,,12.600000381469727,0.0,-28.10999870300293,nan,nan,nan,0.7199999690055847,2,0,0,1,12.600000381469727,id0,
1760177496750239900,11431,1760177496750087900,,12.600000381469727,0.0,-28.10999870300293,nan,nan,nan,0.7199999690055847,2,0,0,1,12.600000381469727,id0,
1760177496995797700,11432,1760177496995601100,,12.600000381469727,0.0,-28.10999870300293,nan,nan,nan,0.7199999690055847,2,0,0,1,12.600000381469727,id0,
1760177497246741700,11433,1760177497246537600,,12.600000381469727,0.0,-28.10999870300293,nan,nan,nan,0.7099999785423279,2,0,0,1,12.600000381469727,id0,
1760177497499002400,11434,1760177497498817300,,12.600000381469727,0.0,-28.1299991607666,nan,nan,nan,0.7099999785423279,2,0,0,1,12.600000381469727,id0,
1760177497749660500,11435,1760177497749479200,,12.600000381469727,0.0,-28.10999870300293,nan,nan,nan,0.7099999785423279,2,0,0,1,12.600000381469727,id0,
1760177497998800000,11436,1760177497998564400,,12.600000381469727,0.0,-28.10999870300293,nan,nan,nan,0.7099999785423279,2,0,0,1,12.600000381469727,id0,
1760177498249894600,11437,1760177498249672900,,12.600000381469727,0.0,-28.10999870300293,nan,nan,nan,0.7099999785423279,2,0,0,1,12.600000381469727,id0,
1760177498501121200,11438,1760177498500868600,,12.600000381469727,0.0,-28.10999870300293,nan,nan,nan,0.7099999785423279,2,0,0,1,12.600000381469727,id0,
1760177498751183900,11439,1760177498751040500,,12.600000381469727,0.0,-28.10999870300293,nan,nan,nan,0.7099999785423279,2,0,0,1,12.600000381469727,id0,
1760177498997359600,11440,1760177498997117500,,12.600000381469727,0.0,-28.10999870300293,nan,nan,nan,0.7099999785423279,2,0,0,1,12.600000381469727,id0,
1760177499247547200,11441,1760177499247365300,,12.600000381469727,0.0,-28.10999870300293,nan,nan,nan,0.7099999785423279,2,0,0,1,12.600000381469727,id0,
1760177499498343000,11442,1760177499498130500,,12.600000381469727,0.0,-28.10999870300293,nan,nan,nan,0.7099999785423279,2,0,0,1,12.600000381469727,id0,
1760177499751082100,11443,1760177499750868600,,12.600000381469727,0.0,-28.10999870300293,nan,nan,nan,0.7099999785423279,2,0,0,1,12.600000381469727,id0,
1760177500000788000,11444,1760177500000610000,,12.600000381469727,0.0,-28.10999870300293,nan,nan,nan,0.7099999785423279,2,0,0,1,12.600000381469727,id0,
1760177500251158800,11445,1760177500250889200,,12.600000381469727,0.0,-28.10999870300293,nan,nan,nan,0.7099999785423279,2,0,0,1,12.600000381469727,id0,
1760177500501786300,11446,1760177500501613500,,12.600000381469727,0.0,-28.10999870300293,nan,nan,nan,0.7099999785423279,2,0,0,1,12.600000381469727,id0,
1760177500752386800,11447,1760177500752184700,,12.600000381469727,0.0,-28.079999923706055,nan,nan,nan,0.7099999785423279,2,0,0,1,12.600000381469727,id0,
1760177500998726200,11448,1760177500998513400,,12.600000381469727,0.0,-28.1299991607666,nan,nan,nan,0.7099999785423279,2,0,0,1,12.600000381469727,id0,
1760177501248278400,11449,1760177501248082500,,12.600000381469727,0.0,-28.10999870300293,nan,nan,nan,0.7099999785423279,2,0,0,1,12.600000381469727,id0,
1760177501498827600,11450,1760177501498658800,,12.600000381469727,0.0,-28.10999870300293,nan,nan,nan,0.699999988079071,2,0,0,1,12.600000381469727,id0,
1760177501750170300,11451,1760177501749966800,,12.600000381469727,0.0,-28.10999870300293,nan,nan,nan,0.699999988079071,2,0,0,1,12.600000381469727,id0,
1760177502000886800,11452,1760177502000721200,,12.600000381469727,0.0,-28.10999870300293,nan,nan,nan,0.699999988079071,2,0,0,1,12.600000381469727,id0,
1760177502251817400,11453,1760177502251613900,,12.600000381469727,0.0,-28.10999870300293,nan,nan,nan,0.699999988079071,2,0,0,1,12.600000381469727,id0,
1760177502502087400,11454,1760177502501929700,,12.600000381469727,0.0,-28.10999870300293,nan,nan,nan,0.699999988079071,2,0,0,1,12.600000381469727,id0,
1760177502752902300,11455,1760177502752721700,,12.600000381469727,0.0,-28.10999870300293,nan,nan,nan,0.699999988079071,2,0,0,1,12.600000381469727,id0,
1760177502998913600,11456,1760177502998683300,,12.600000381469727,0.0,-28.10999870300293,nan,nan,nan,0.699999988079071,2,0,0,1,12.600000381469727,id0,
1760177503249511500,11457,1760177503249338100,,12.600000381469727,0.0,-28.1299991607666,nan,nan,nan,0.699999988079071,2,0,0,1,12.600000381469727,id0,
1760177503500206300,11458,1760177503500062300,,12.600000381469727,0.0,-28.10999870300293,nan,nan,nan,0.699999988079071,2,0,0,1,12.600000381469727,id0,
1760177503751173500,11459,1760177503750984200,,12.600000381469727,0.0,-28.10999870300293,nan,nan,nan,0.699999988079071,2,0,0,1,12.600000381469727,id0,
1760177504003832500,11460,1760177504003653400,,12.600000381469727,0.0,-28.10999870300293,nan,nan,nan,0.699999988079071,2,0,0,1,12.600000381469727,id0,
1760177504253839500,11461,1760177504253664500,,12.600000381469727,0.0,-28.10999870300293,nan,nan,nan,0.699999988079071,2,0,0,1,12.600000381469727,id0,
1760177504503908300,11462,1760177504503691200,,12.600000381469727,0.0,-28.10999870300293,nan,nan,nan,0.699999988079071,2,0,0,1,12.600000381469727,id0,
1760177504756619800,11463,1760177504756425600,,12.600000381469727,0.0,-28.10999870300293,nan,nan,nan,0.699999988079071,2,0,0,1,12.600000381469727,id0,
1760177504999491100,11464,1760177504999299500,,12.600000381469727,0.0,-28.10999870300293,nan,nan,nan,0.699999988079071,2,0,0,1,12.600000381469727,id0,
1760177505250957400,11465,1760177505250751500,,12.600000381469727,0.0,-28.10999870300293,nan,nan,nan,0.699999988079071,2,0,0,1,12.600000381469727,id0,
1760177505502632300,11466,1760177505502402900,,12.600000381469727,0.0,-28.10999870300293,nan,nan,nan,0.699999988079071,2,0,0,1,12.600000381469727,id0,
1760177505753590900,11467,1760177505753358300,,12.600000381469727,0.0,-28.10999870300293,nan,nan,nan,0.6899999976158142,2,0,0,1,12.600000381469727,id0,
1760177506004873900,11468,1760177506004680600,,12.600000381469727,0.0,-28.10999870300293,nan,nan,nan,0.6899999976158142,2,0,0,1,12.600000381469727,id0,
1760177506255315600,11469,1760177506255068500,,12.600000381469727,0.0,-28.10999870300293,nan,nan,nan,0.6899999976158142,2,0,0,1,12.600000381469727,id0,
1760177506505735100,11470,1760177506505535300,,12.600000381469727,0.0,-28.10999870300293,nan,nan,nan,0.6899999976158142,2,0,0,1,12.600000381469727,id0,
1760177506756569300,11471,1760177506756339100,,12.600000381469727,0.0,-28.10999870300293,nan,nan,nan,0.6899999976158142,2,0,0,1,12.600000381469727,id0,
1760177507002156600,11472,1760177507001979000,,12.600000381469727,0.0,-28.10999870300293,nan,nan,nan,0.6899999976158142,2,0,0,1,12.600000381469727,id0,
1760177507253176500,11473,1760177507253033900,,12.600000381469727,0.0,-28.10999870300293,nan,nan,nan,0.6899999976158142,2,0,0,1,12.600000381469727,id0,
1760177507503769200,11474,1760177507503555400,,12.600000381469727,0.0,-28.10999870300293,nan,nan,nan,0.6899999976158142,2,0,0,1,12.600000381469727,id0,
1760177507755838000,11475,1760177507755665700,,12.600000381469727,0.0,-28.10999870300293,nan,nan,nan,0.6899999976158142,2,0,0,1,12.600000381469727,id0,
1760177508004488300,11476,1760177508004271600,,12.600000381469727,0.0,-28.10999870300293,nan,nan,nan,0.6899999976158142,2,0,0,1,12.600000381469727,id0,
1760177508256025600,11477,1760177508255851400,,12.600000381469727,0.0,-28.10999870300293,nan,nan,nan,0.6899999976158142,2,0,0,1,12.600000381469727,id0,
1760177508507571200,11478,1760177508507363100,,12.600000381469727,0.0,-28.10999870300293,nan,nan,nan,0.6899999976158142,2,0,0,1,12.600000381469727,id0,
1760177508757518700,11479,1760177508757315500,,12.600000381469727,0.0,-28.10999870300293,nan,nan,nan,0.6899999976158142,2,0,0,1,12.600000381469727,id0,
1760177509003070100,11480,1760177509002860300,,12.600000381469727,0.0,-28.10999870300293,nan,nan,nan,0.6899999976158142,2,0,0,1,12.600000381469727,id0,
1760177509253041200,11481,1760177509252862900,,12.600000381469727,0.0,-28.10999870300293,nan,nan,nan,0.6899999976158142,2,0,0,1,12.600000381469727,id0,
1760177509504327300,11482,1760177509504135900,,12.600000381469727,0.0,-28.10999870300293,nan,nan,nan,0.6899999976158142,2,0,0,1,12.600000381469727,id0,
1760177509756528000,11483,1760177509756342500,,12.600000381469727,0.0,-28.10999870300293,nan,nan,nan,0.6899999976158142,2,0,0,1,12.600000381469727,id0,
1760177510005496100,11484,1760177510005307400,,12.600000381469727,0.0,-28.10999870300293,nan,nan,nan,0.6800000071525574,2,0,0,1,12.600000381469727,id0,
1760177510256285000,11485,1760177510256043700,,12.600000381469727,0.0,-28.10999870300293,nan,nan,nan,0.6800000071525574,2,0,0,1,12.600000381469727,id0,
1760177510508307100,11486,1760177510508136600,,12.600000381469727,0.0,-28.10999870300293,nan,nan,nan,0.6800000071525574,2,0,0,1,12.600000381469727,id0,
1760177510758183000,11487,1760177510757941600,,12.600000381469727,0.0,-28.10999870300293,nan,nan,nan,0.6800000071525574,2,0,0,1,12.600000381469727,id0,
1760177511003761500,11488,1760177511003546000,,12.600000381469727,0.0,-28.10999870300293,nan,nan,nan,0.6800000071525574,2,0,0,1,12.600000381469727,id0,
1760177511254383600,11489,1760177511254180500,,12.600000381469727,0.0,-28.10999870300293,nan,nan,nan,0.6800000071525574,2,0,0,1,12.600000381469727,id0,
1760177511505827100,11490,1760177511505590900,,12.600000381469727,0.0,-28.10999870300293,nan,nan,nan,0.6800000071525574,2,0,0,1,12.600000381469727,id0,
1760177511756714300,11491,1760177511756452100,,12.600000381469727,0.0,-28.10999870300293,nan,nan,nan,0.6800000071525574,2,0,0,1,12.600000381469727,id0,
1760177512007826300,11492,1760177512007592900,,12.600000381469727,0.0,-28.1299991607666,nan,nan,nan,0.6800000071525574,2,0,0,1,12.600000381469727,id0,
1760177512259356700,11493,1760177512259098000,,12.600000381469727,0.0,-28.1299991607666,nan,nan,nan,0.6800000071525574,2,0,0,1,12.600000381469727,id0,
1760177512510047700,11494,1760177512509888500,,12.600000381469727,0.0,-28.1299991607666,nan,nan,nan,0.6800000071525574,2,0,0,1,12.600000381469727,id0,
1760177512761167900,11495,1760177512760967900,,12.600000381469727,0.0,-28.1299991607666,nan,nan,nan,0.6800000071525574,2,0,0,1,12.600000381469727,id0,
1760177513004518600,11496,1760177513004269100,,12.600000381469727,0.0,-28.10999870300293,nan,nan,nan,0.6800000071525574,2,0,0,1,12.600000381469727,id0,
1760177513256233500,11497,1760177513256078100,,12.600000381469727,0.0,-28.10999870300293,nan,nan,nan,0.6800000071525574,2,0,0,1,12.600000381469727,id0,
1760177513506324000,11498,1760177513506202000,,12.600000381469727,0.0,-28.10999870300293,nan,nan,nan,0.6800000071525574,2,0,0,1,12.600000381469727,id0,
1760177513758744000,11499,1760177513758592400,,12.600000381469727,0.0,-28.10999870300293,nan,nan,nan,0.6800000071525574,2,0,0,1,12.600000381469727,id0,
1760177514008399300,11500,1760177514008256300,,12.600000381469727,0.0,-28.10999870300293,nan,nan,nan,0.6800000071525574,2,0,0,1,12.600000381469727,id0,
1760177514258733300,11501,1760177514258585000,,12.600000381469727,0.0,-28.079999923706055,nan,nan,nan,0.6699999570846558,2,0,0,1,12.600000381469727,id0,
1760177514510597900,11502,1760177514510410200,,12.600000381469727,0.0,-28.10999870300293,nan,nan,nan,0.6699999570846558,2,0,0,1,12.600000381469727,id0,
1760177514761432400,11503,1760177514761303500,,12.600000381469727,0.0,-28.10999870300293,nan,nan,nan,0.6699999570846558,2,0,0,1,12.600000381469727,id0,
1760177515006301900,11504,1760177515006186100,,12.600000381469727,0.0,-28.10999870300293,nan,nan,nan,0.6699999570846558,2,0,0,1,12.600000381469727,id0,
1760177515256978300,11505,1760177515256850000,,12.600000381469727,0.0,-28.10999870300293,nan,nan,nan,0.6699999570846558,2,0,0,1,12.600000381469727,id0,
1760177515507288300,11506,1760177515507095600,,12.600000381469727,0.0,-28.10999870300293,nan,nan,nan,0.6699999570846558,2,0,0,1,12.600000381469727,id0,
1760177515758650800,11507,1760177515758547300,,12.600000381469727,0.0,-28.10999870300293,nan,nan,nan,0.6699999570846558,2,0,0,1,12.600000381469727,id0,
1760177516009158100,11508,1760177516008955900,,12.600000381469727,0.0,-28.10999870300293,nan,nan,nan,0.6699999570846558,2,0,0,1,12.600000381469727,id0,
1760177516261936600,11509,1760177516261760400,,12.600000381469727,0.0,-28.10999870300293,nan,nan,nan,0.6699999570846558,2,0,0,1,12.600000381469727,id0,
1760177516512017100,11510,1760177516511845900,,12.600000381469727,0.0,-28.10999870300293,nan,nan,nan,0.6699999570846558,2,0,0,1,12.600000381469727,id0,
1760177516762440000,11511,1760177516762252800,,12.600000381469727,0.0,-28.10999870300293,nan,nan,nan,0.6699999570846558,2,0,0,1,12.600000381469727,id0,
