%time,field.header.seq,field.header.stamp,field.header.frame_id,field.status.status,field.status.service,field.latitude,field.longitude,field.altitude,field.position_covariance0,field.position_covariance1,field.position_covariance2,field.position_covariance3,field.position_covariance4,field.position_covariance5,field.position_covariance6,field.position_covariance7,field.position_covariance8,field.position_covariance_type
1760177370174960200,1115,1760177370172681088,base_link,0,1,-35.3632622,149.1652375,603.5286373312906,0.09,0.0,0.0,0.0,0.09,0.0,0.0,0.0,0.09,2
1760177370425568600,1116,1760177370422854400,base_link,0,1,-35.3632622,149.1652375,603.5286373312906,0.09,0.0,0.0,0.0,0.09,0.0,0.0,0.0,0.09,2
1760177370671154800,1117,1760177370670976000,base_link,0,1,-35.3632622,149.1652375,603.5286373312906,0.09,0.0,0.0,0.0,0.09,0.0,0.0,0.0,0.09,2
1760177370921382100,1118,1760177370921141632,base_link,0,1,-35.3632622,149.1652375,603.5286373312906,0.09,0.0,0.0,0.0,0.09,0.0,0.0,0.0,0.09,2
1760177371172543800,1119,1760177371171258112,base_link,0,1,-35.3632622,149.1652375,603.5286373312906,0.09,0.0,0.0,0.0,0.09,0.0,0.0,0.0,0.09,2
1760177371423965300,1120,1760177371421433216,base_link,0,1,-35.3632622,149.1652375,603.5286373312906,0.09,0.0,0.0,0.0,0.09,0.0,0.0,0.0,0.09,2
1760177371674126700,1121,1760177371673544064,base_link,0,1,-35.3632622,149.1652375,603.5286373312906,0.09,0.0,0.0,0.0,0.09,0.0,0.0,0.0,0.09,2
1760177371924703900,1122,1760177371923719936,base_link,0,1,-35.3632622,149.1652375,603.5286373312906,0.09,0.0,0.0,0.0,0.09,0.0,0.0,0.0,0.09,2
1760177372176053200,1123,1760177372173834624,base_link,0,1,-35.3632622,149.1652375,603.5286373312906,0.09,0.0,0.0,0.0,0.09,0.0,0.0,0.0,0.09,2
1760177372426381800,1124,1760177372424002560,base_link,0,1,-35.3632622,149.1652375,603.5286373312906,0.09,0.0,0.0,0.0,0.09,0.0,0.0,0.0,0.09,2
1760177372671946800,1125,1760177372674121088,base_link,0,1,-35.3632622,149.1652375,603.5286373312906,0.09,0.0,0.0,0.0,0.09,0.0,0.0,0.0,0.09,2
1760177372922307200,1126,1760177372922296192,base_link,0,1,-35.3632622,149.1652375,603.5286373312906,0.09,0.0,0.0,0.0,0.09,0.0,0.0,0.0,0.09,2
1760177373173378100,1127,1760177373172408832,base_link,0,1,-35.3632622,149.1652375,603.5286373312906,0.09,0.0,0.0,0.0,0.09,0.0,0.0,0.0,0.09,2
1760177373423934100,1128,1760177373422587008,base_link,0,1,-35.3632622,149.1652375,603.5286373312906,0.09,0.0,0.0,0.0,0.09,0.0,0.0,0.0,0.09,2
1760177373675365300,1129,1760177373674702976,base_link,0,1,-35.3632622,149.1652375,603.5286373312906,0.09,0.0,0.0,0.0,0.09,0.0,0.0,0.0,0.09,2
1760177373925698800,1130,1760177373924873984,base_link,0,1,-35.3632622,149.1652375,603.5286373312906,0.09,0.0,0.0,0.0,0.09,0.0,0.0,0.0,0.09,2
1760177374176683500,1131,1760177374174993536,base_link,0,1,-35.3632622,149.1652375,603.5286373312906,0.09,0.0,0.0,0.0,0.09,0.0,0.0,0.0,0.09,2
1760177374427798800,1132,1760177374425165056,base_link,0,1,-35.3632622,149.1652375,603.5286373312906,0.09,0.0,0.0,0.0,0.09,0.0,0.0,0.0,0.09,2
1760177374673287500,1133,1760177374675278976,base_link,0,1,-35.3632622,149.1652375,603.5286373312906,0.09,0.0,0.0,0.0,0.09,0.0,0.0,0.0,0.09,2
1760177374923768100,1134,1760177374923459968,base_link,0,1,-35.3632622,149.1652375,603.5286373312906,0.09,0.0,0.0,0.0,0.09,0.0,0.0,0.0,0.09,2
1760177375174764000,1135,1760177375173568768,base_link,0,1,-35.3632622,149.1652375,603.5286373312906,0.09,0.0,0.0,0.0,0.09,0.0,0.0,0.0,0.09,2
1760177375425391000,1136,1760177375423742848,base_link,0,1,-35.3632622,149.1652375,603.5286373312906,0.09,0.0,0.0,0.0,0.09,0.0,0.0,0.0,0.09,2
1760177375676298800,1137,1760177375673864448,base_link,0,1,-35.3632622,149.1652375,603.5286373312906,0.09,0.0,0.0,0.0,0.09,0.0,0.0,0.0,0.09,2
1760177375926933200,1138,1760177375926029312,base_link,0,1,-35.3632622,149.1652375,603.5286373312906,0.09,0.0,0.0,0.0,0.09,0.0,0.0,0.0,0.09,2
1760177376177945000,1139,1760177376176145536,base_link,0,1,-35.3632622,149.1652375,603.5286373312906,0.09,0.0,0.0,0.0,0.09,0.0,0.0,0.0,0.09,2
1760177376428873000,1140,1760177376426319872,base_link,0,1,-35.3632622,149.1652375,603.5286373312906,0.09,0.0,0.0,0.0,0.09,0.0,0.0,0.0,0.09,2
1760177376674247400,1141,1760177376676430976,base_link,0,1,-35.3632622,149.1652375,603.5286373312906,0.09,0.0,0.0,0.0,0.09,0.0,0.0,0.0,0.09,2
1760177376924936300,1142,1760177376924607104,base_link,0,1,-35.3632622,149.1652375,603.5286373312906,0.09,0.0,0.0,0.0,0.09,0.0,0.0,0.0,0.09,2
1760177377177206000,1143,1760177377175727680,base_link,0,1,-35.3632622,149.1652375,603.5286373312906,0.09,0.0,0.0,0.0,0.09,0.0,0.0,0.0,0.09,2
1760177377428129800,1144,1760177377424901248,base_link,0,1,-35.3632622,149.1652375,603.5286373312906,0.09,0.0,0.0,0.0,0.09,0.0,0.0,0.0,0.09,2
1760177377673555500,1145,1760177377675014144,base_link,0,1,-35.3632622,149.1652375,603.5286373312906,0.09,0.0,0.0,0.0,0.09,0.0,0.0,0.0,0.09,2
1760177377924099400,1146,1760177377925192320,base_link,0,1,-35.3632622,149.1652375,603.5286373312906,0.09,0.0,0.0,0.0,0.09,0.0,0.0,0.0,0.09,2
1760177378175209700,1147,1760177378175303168,base_link,0,1,-35.3632622,149.1652375,603.5286373312906,0.09,0.0,0.0,0.0,0.09,0.0,0.0,0.0,0.09,2
1760177378425732800,1148,1760177378425473664,base_link,0,1,-35.3632622,149.1652375,603.5286373312906,0.09,0.0,0.0,0.0,0.09,0.0,0.0,0.0,0.09,2
1760177378676839500,1149,1760177378675593216,base_link,0,1,-35.3632622,149.1652375,603.5286373312906,0.09,0.0,0.0,0.0,0.09,0.0,0.0,0.0,0.09,2
1760177378927803000,1150,1760177378925759104,base_link,0,1,-35.3632622,149.1652375,603.5286373312906,0.09,0.0,0.0,0.0,0.09,0.0,0.0,0.0,0.09,2
1760177379178319800,1151,1760177379176873280,base_link,0,1,-35.3632622,149.1652375,603.5286373312906,0.09,0.0,0.0,0.0,0.09,0.0,0.0,0.0,0.09,2
1760177379429039100,1152,1760177379427053504,base_link,0,1,-35.3632622,149.1652375,603.5286373312906,0.09,0.0,0.0,0.0,0.09,0.0,0.0,0.0,0.09,2
1760177379674234000,1153,1760177379676162816,base_link,0,1,-35.3632622,149.1652375,603.5286373312906,0.09,0.0,0.0,0.0,0.09,0.0,0.0,0.0,0.09,2
1760177379925241800,1154,1760177379926334848,base_link,0,1,-35.3632622,149.1652375,603.5286373312906,0.09,0.0,0.0,0.0,0.09,0.0,0.0,0.0,0.09,2
1760177380176311700,1155,1760177380176453376,base_link,0,1,-35.3632622,149.1652375,603.5286373312906,0.09,0.0,0.0,0.0,0.09,0.0,0.0,0.0,0.09,2
1760177380426710000,1156,1760177380426619008,base_link,0,1,-35.3632622,149.1652375,603.5286373312906,0.09,0.0,0.0,0.0,0.09,0.0,0.0,0.0,0.09,2
1760177380677640200,1157,1760177380676740352,base_link,0,1,-35.3632622,149.1652375,603.5686373312906,0.09,0.0,0.0,0.0,0.09,0.0,0.0,0.0,0.09,2
1760177380928488400,1158,1760177380926914944,base_link,0,1,-35.3632622,149.1652375,603.6386373312906,0.09,0.0,0.0,0.0,0.09,0.0,0.0,0.0,0.09,2
1760177381179583200,1159,1760177381177025536,base_link,0,1,-35.3632622,149.1652375,603.8286373312906,0.09,0.0,0.0,0.0,0.09,0.0,0.0,0.0,0.09,2
1760177381430133300,1160,1760177381428201408,base_link,0,1,-35.3632622,149.1652375,604.1186373312905,0.09,0.0,0.0,0.0,0.09,0.0,0.0,0.0,0.09,2
1760177381675356800,1161,1760177381677315584,base_link,0,1,-35.3632621,149.1652374,604.3986373242841,0.09,0.0,0.0,0.0,0.09,0.0,0.0,0.0,0.09,2
1760177381926416000,1162,1760177381927483776,base_link,0,1,-35.3632621,149.1652374,604.6786373242841,0.09,0.0,0.0,0.0,0.09,0.0,0.0,0.0,0.09,2
1760177382177293700,1163,1760177382177601792,base_link,0,1,-35.3632621,149.1652374,604.9286373242841,0.09,0.0,0.0,0.0,0.09,0.0,0.0,0.0,0.09,2
1760177382428631200,1164,1760177382427775616,base_link,0,1,-35.3632621,149.1652373,605.138637196404,0.09,0.0,0.0,0.0,0.09,0.0,0.0,0.0,0.09,2
1760177382678916800,1165,1760177382677888768,base_link,0,1,-35.3632621,149.1652373,605.3086371964041,0.09,0.0,0.0,0.0,0.09,0.0,0.0,0.0,0.09,2
1760177382929867200,1166,1760177382928068224,base_link,0,1,-35.3632621,149.1652373,605.438637196404,0.09,0.0,0.0,0.0,0.09,0.0,0.0,0.0,0.09,2
1760177383181011800,1167,1760177383178180864,base_link,0,1,-35.3632621,149.1652373,605.5186371964041,0.09,0.0,0.0,0.0,0.09,0.0,0.0,0.0,0.09,2
1760177383431562000,1168,1760177383429351616,base_link,0,1,-35.363262,149.1652373,605.5786373172775,0.09,0.0,0.0,0.0,0.09,0.0,0.0,0.0,0.09,2
1760177383676463400,1169,1760177383678470912,base_link,0,1,-35.363262,149.1652373,605.6886373172774,0.09,0.0,0.0,0.0,0.09,0.0,0.0,0.0,0.09,2
1760177383927747500,1170,1760177383928633984,base_link,0,1,-35.363262,149.1652373,605.8586373172775,0.09,0.0,0.0,0.0,0.09,0.0,0.0,0.0,0.09,2
1760177384178373400,1171,1760177384178747648,base_link,0,1,-35.363262,149.1652373,606.0986373172775,0.09,0.0,0.0,0.0,0.09,0.0,0.0,0.0,0.09,2
1760177384429024000,1172,1760177384428927872,base_link,0,1,-35.363262,149.1652373,606.3986373172775,0.09,0.0,0.0,0.0,0.09,0.0,0.0,0.0,0.09,2
1760177384679849200,1173,1760177384679036672,base_link,0,1,-35.363262,149.1652373,606.6886373172774,0.09,0.0,0.0,0.0,0.09,0.0,0.0,0.0,0.09,2
1760177384931478700,1174,1760177384929209216,base_link,0,1,-35.363262,149.1652373,606.9486373172774,0.09,0.0,0.0,0.0,0.09,0.0,0.0,0.0,0.09,2
1760177385181789500,1175,1760177385179321600,base_link,0,1,-35.363262,149.1652373,607.1686373172774,0.09,0.0,0.0,0.0,0.09,0.0,0.0,0.0,0.09,2
1760177385433071400,1176,1760177385430486464,base_link,0,1,-35.363262,149.1652372,607.3386371893973,0.09,0.0,0.0,0.0,0.09,0.0,0.0,0.0,0.09,2
1760177385677550500,1177,1760177385680602176,base_link,0,1,-35.363262,149.1652372,607.4686371893973,0.09,0.0,0.0,0.0,0.09,0.0,0.0,0.0,0.09,2
1760177385928379800,1178,1760177385929776256,base_link,0,1,-35.363262,149.1652372,607.5486371893974,0.09,0.0,0.0,0.0,0.09,0.0,0.0,0.0,0.09,2
1760177386179235900,1179,1760177386179887616,base_link,0,1,-35.363262,149.1652371,607.5786370615172,0.09,0.0,0.0,0.0,0.09,0.0,0.0,0.0,0.09,2
1760177386430210800,1180,1760177386430062208,base_link,0,1,-35.363262,149.165237,607.568636933637,0.09,0.0,0.0,0.0,0.09,0.0,0.0,0.0,0.09,2
1760177386680966200,1181,1760177386680175616,base_link,0,1,-35.363262,149.165237,607.558636933637,0.09,0.0,0.0,0.0,0.09,0.0,0.0,0.0,0.09,2
1760177386932031900,1182,1760177386930343808,base_link,0,1,-35.363262,149.165237,607.538636933637,0.09,0.0,0.0,0.0,0.09,0.0,0.0,0.0,0.09,2
1760177387183050900,1183,1760177387180461056,base_link,0,1,-35.363262,149.165237,607.518636933637,0.09,0.0,0.0,0.0,0.09,0.0,0.0,0.0,0.09,2
1760177387427852800,1184,1760177387430628736,base_link,0,1,-35.363262,149.1652371,607.5186370615172,0.09,0.0,0.0,0.0,0.09,0.0,0.0,0.0,0.09,2
1760177387679335300,1185,1760177387681740864,base_link,0,1,-35.363262,149.1652383,607.5086385960772,0.09,0.0,0.0,0.0,0.09,0.0,0.0,0.0,0.09,2
1760177387929765300,1186,1760177387930919040,base_link,0,1,-35.363262,149.1652413,607.5086424324597,0.09,0.0,0.0,0.0,0.09,0.0,0.0,0.0,0.09,2
1760177388180802700,1187,1760177388181025536,base_link,0,1,-35.363262,149.165246,607.5186484427426,0.09,0.0,0.0,0.0,0.09,0.0,0.0,0.0,0.09,2
1760177388431557100,1188,1760177388431195776,base_link,0,1,-35.363262,149.1652517,607.5186557317268,0.09,0.0,0.0,0.0,0.09,0.0,0.0,0.0,0.09,2
1760177388682197000,1189,1760177388681315584,base_link,0,1,-35.363262,149.1652577,607.5186634042446,0.09,0.0,0.0,0.0,0.09,0.0,0.0,0.0,0.09,2
1760177388933025000,1190,1760177388931478400,base_link,0,1,-35.363262,149.1652634,607.5186706930444,0.09,0.0,0.0,0.0,0.09,0.0,0.0,0.0,0.09,2
1760177389184082600,1191,1760177389181593344,base_link,0,1,-35.363262,149.1652686,607.5186773423973,0.09,0.0,0.0,0.0,0.09,0.0,0.0,0.0,0.09,2
1760177389429322500,1192,1760177389431766144,base_link,0,1,-35.363262,149.165273,607.5186829687144,0.09,0.0,0.0,0.0,0.09,0.0,0.0,0.0,0.09,2
1760177389679955600,1193,1760177389682874944,base_link,0,1,-35.363262,149.1652765,607.5186874441557,0.09,0.0,0.0,0.0,0.09,0.0,0.0,0.0,0.09,2
1760177389930819000,1194,1760177389932047744,base_link,0,1,-35.363262,149.1652792,607.5186908966158,0.09,0.0,0.0,0.0,0.09,0.0,0.0,0.0,0.09,2
1760177390181859100,1195,1760177390182167808,base_link,0,1,-35.363262,149.1652811,607.5286933261126,0.09,0.0,0.0,0.0,0.09,0.0,0.0,0.0,0.09,2
1760177390432829100,1196,1760177390432332416,base_link,0,1,-35.363262,149.1652823,607.5286948605266,0.09,0.0,0.0,0.0,0.09,0.0,0.0,0.0,0.09,2
1760177390683245600,1197,1760177390682448128,base_link,0,1,-35.363262,149.1652831,607.528695883467,0.09,0.0,0.0,0.0,0.09,0.0,0.0,0.0,0.09,2
1760177390934738800,1198,1760177390932621696,base_link,0,1,-35.363262,149.1652835,607.5286963949366,0.09,0.0,0.0,0.0,0.09,0.0,0.0,0.0,0.09,2
1760177391185308700,1199,1760177391182731776,base_link,0,1,-35.363262,149.1652836,607.5286965228039,0.09,0.0,0.0,0.0,0.09,0.0,0.0,0.0,0.09,2
1760177391430580700,1200,1760177391432906368,base_link,0,1,-35.363262,149.1652837,607.5286966506711,0.09,0.0,0.0,0.0,0.09,0.0,0.0,0.0,0.09,2
1760177391681099400,1201,1760177391684020288,base_link,0,1,-35.363262,149.1652847,607.5286979293425,0.09,0.0,0.0,0.0,0.09,0.0,0.0,0.0,0.09,2
1760177391932460900,1202,1760177391934187200,base_link,0,1,-35.363262,149.1652874,607.5287013817414,0.09,0.0,0.0,0.0,0.09,0.0,0.0,0.0,0.09,2
1760177392182943900,1203,1760177392183304448,base_link,0,1,-35.363262,149.1652917,607.5287068799646,0.09,0.0,0.0,0.0,0.09,0.0,0.0,0.0,0.09,2
1760177392433992100,1204,1760177392433472128,base_link,0,1,-35.363262,149.1652972,607.5387139125011,0.09,0.0,0.0,0.0,0.09,0.0,0.0,0.0,0.09,2
1760177392684405000,1205,1760177392683584000,base_link,0,1,-35.363262,149.165303,607.5387213285399,0.09,0.0,0.0,0.0,0.09,0.0,0.0,0.0,0.09,2
1760177392935727500,1206,1760177392933760896,base_link,0,1,-35.3632619,149.1653085,607.5387284818152,0.09,0.0,0.0,0.0,0.09,0.0,0.0,0.0,0.09,2
1760177393186265600,1207,1760177393183867904,base_link,0,1,-35.3632619,149.1653136,607.5287350026629,0.09,0.0,0.0,0.0,0.09,0.0,0.0,0.0,0.09,2
1760177393431637000,1208,1760177393434037120,base_link,0,1,-35.3632619,149.1653179,607.5287405005765,0.09,0.0,0.0,0.0,0.09,0.0,0.0,0.0,0.09,2
1760177393682216200,1209,1760177393684156160,base_link,0,1,-35.3632619,149.1653213,607.5287448477279,0.09,0.0,0.0,0.0,0.09,0.0,0.0,0.0,0.09,2
1760177393933196800,1210,1760177393935316672,base_link,0,1,-35.3632619,149.1653238,607.5287480441424,0.09,0.0,0.0,0.0,0.09,0.0,0.0,0.0,0.09,2
1760177394184299600,1211,1760177394184431104,base_link,0,1,-35.3632619,149.1653256,607.5287503455501,0.09,0.0,0.0,0.0,0.09,0.0,0.0,0.0,0.09,2
1760177394434883700,1212,1760177394434602112,base_link,0,1,-35.3632619,149.1653268,607.5287518798168,0.09,0.0,0.0,0.0,0.09,0.0,0.0,0.0,0.09,2
1760177394685869000,1213,1760177394684710912,base_link,0,1,-35.3632619,149.1653275,607.5387527748039,0.09,0.0,0.0,0.0,0.09,0.0,0.0,0.0,0.09,2
1760177394936849100,1214,1760177394934882688,base_link,0,1,-35.3632619,149.1653278,607.5387531583694,0.09,0.0,0.0,0.0,0.09,0.0,0.0,0.0,0.09,2
1760177395187941600,1215,1760177395184994816,base_link,0,1,-35.3632619,149.1653279,607.5387532862246,0.09,0.0,0.0,0.0,0.09,0.0,0.0,0.0,0.09,2
1760177395432566300,1216,1760177395435158912,base_link,0,1,-35.3632619,149.165328,607.5387534140797,0.09,0.0,0.0,0.0,0.09,0.0,0.0,0.0,0.09,2
1760177395683463500,1217,1760177395685274880,base_link,0,1,-35.3632619,149.165329,607.5387546926289,0.09,0.0,0.0,0.0,0.09,0.0,0.0,0.0,0.09,2
1760177395934209000,1218,1760177395936447936,base_link,0,1,-35.3632619,149.1653316,607.5287580168442,0.09,0.0,0.0,0.0,0.09,0.0,0.0,0.0,0.09,2
1760177396185213900,1219,1760177396185558272,base_link,0,1,-35.3632619,149.1653359,607.5387635145438,0.09,0.0,0.0,0.0,0.09,0.0,0.0,0.0,0.09,2
1760177396435868600,1220,1760177396435733120,base_link,0,1,-35.3632619,149.1653414,607.5387705464104,0.09,0.0,0.0,0.0,0.09,0.0,0.0,0.0,0.09,2
1760177396686850300,1221,1760177396685846784,base_link,0,1,-35.3632619,149.1653471,607.538777833893,0.09,0.0,0.0,0.0,0.09,0.0,0.0,0.0,0.09,2
1760177396937536100,1222,1760177396936013696,base_link,0,1,-35.3632619,149.1653527,607.5387849934376,0.09,0.0,0.0,0.0,0.09,0.0,0.0,0.0,0.09,2
1760177397188371500,1223,1760177397186130944,base_link,0,1,-35.3632619,149.1653577,607.5387913858146,0.09,0.0,0.0,0.0,0.09,0.0,0.0,0.0,0.09,2
1760177397433532700,1224,1760177397436299136,base_link,0,1,-35.3632619,149.165362,607.5287968832037,0.09,0.0,0.0,0.0,0.09,0.0,0.0,0.0,0.09,2
1760177397684594200,1225,1760177397686411008,base_link,0,1,-35.3632619,149.1653654,607.5288012299401,0.09,0.0,0.0,0.0,0.09,0.0,0.0,0.0,0.09,2
1760177397935842300,1226,1760177397937587904,base_link,0,1,-35.3632619,149.165368,607.5288045538935,0.09,0.0,0.0,0.0,0.09,0.0,0.0,0.0,0.09,2
1760177398186398900,1227,1760177398187694656,base_link,0,1,-35.3632619,149.1653698,607.528806855081,0.09,0.0,0.0,0.0,0.09,0.0,0.0,0.0,0.09,2
1760177398437220500,1228,1760177398436863872,base_link,0,1,-35.3632619,149.1653709,607.5288082613578,0.09,0.0,0.0,0.0,0.09,0.0,0.0,0.0,0.09,2
1760177398688075200,1229,1760177398686987776,base_link,0,1,-35.3632619,149.1653716,607.5388091562595,0.09,0.0,0.0,0.0,0.09,0.0,0.0,0.0,0.09,2
1760177398938908900,1230,1760177398937148800,base_link,0,1,-35.3632619,149.1653719,607.5388095397884,0.09,0.0,0.0,0.0,0.09,0.0,0.0,0.0,0.09,2
1760177399189920500,1231,1760177399187262208,base_link,0,1,-35.3632619,149.165372,607.5388096676313,0.09,0.0,0.0,0.0,0.09,0.0,0.0,0.0,0.09,2
1760177399435552800,1232,1760177399437435264,base_link,0,1,-35.363262,149.1653721,607.5388096745301,0.09,0.0,0.0,0.0,0.09,0.0,0.0,0.0,0.09,2
1760177399686286000,1233,1760177399687543808,base_link,0,1,-35.363262,149.1653731,607.5388109529569,0.09,0.0,0.0,0.0,0.09,0.0,0.0,0.0,0.09,2
1760177399936798800,1234,1760177399937715072,base_link,0,1,-35.363262,149.1653757,607.5288142768534,0.09,0.0,0.0,0.0,0.09,0.0,0.0,0.0,0.09,2
1760177400187782000,1235,1760177400188826688,base_link,0,1,-35.363262,149.1653801,607.5388199018665,0.09,0.0,0.0,0.0,0.09,0.0,0.0,0.0,0.09,2
1760177400438789700,1236,1760177400437991296,base_link,0,1,-35.363262,149.1653855,607.5388268052185,0.09,0.0,0.0,0.0,0.09,0.0,0.0,0.0,0.09,2
1760177400689315800,1237,1760177400688106752,base_link,0,1,-35.363262,149.1653913,607.53883421984,0.09,0.0,0.0,0.0,0.09,0.0,0.0,0.0,0.09,2
1760177400940248100,1238,1760177400938276224,base_link,0,1,-35.363262,149.1653969,607.5388413786965,0.09,0.0,0.0,0.0,0.09,0.0,0.0,0.0,0.09,2
1760177401190973500,1239,1760177401188386304,base_link,0,1,-35.3632619,149.1654018,607.5388477635845,0.09,0.0,0.0,0.0,0.09,0.0,0.0,0.0,0.09,2
1760177401436680100,1240,1760177401438560128,base_link,0,1,-35.3632619,149.1654061,607.5388532604486,0.09,0.0,0.0,0.0,0.09,0.0,0.0,0.0,0.09,2
1760177401687895700,1241,1760177401688673280,base_link,0,1,-35.3632619,149.1654094,607.5288574789375,0.09,0.0,0.0,0.0,0.09,0.0,0.0,0.0,0.09,2
1760177401938356800,1242,1760177401938839936,base_link,0,1,-35.3632619,149.1654119,607.5288606747425,0.09,0.0,0.0,0.0,0.09,0.0,0.0,0.0,0.09,2
1760177402189331500,1243,1760177402189957184,base_link,0,1,-35.3632619,149.1654137,607.5288629757113,0.09,0.0,0.0,0.0,0.09,0.0,0.0,0.0,0.09,2
1760177402440002100,1244,1760177402439124096,base_link,0,1,-35.3632619,149.1654148,607.5288643818545,0.09,0.0,0.0,0.0,0.09,0.0,0.0,0.0,0.09,2
1760177402690896100,1245,1760177402689235968,base_link,0,1,-35.3632619,149.1654155,607.5388652766711,0.09,0.0,0.0,0.0,0.09,0.0,0.0,0.0,0.09,2
1760177402941269600,1246,1760177402939412608,base_link,0,1,-35.3632619,149.1654158,607.5388656601635,0.09,0.0,0.0,0.0,0.09,0.0,0.0,0.0,0.09,2
1760177403191882700,1247,1760177403189518848,base_link,0,1,-35.3632619,149.1654159,607.5388657879944,0.09,0.0,0.0,0.0,0.09,0.0,0.0,0.0,0.09,2
1760177403436866400,1248,1760177403439687808,base_link,0,1,-35.3632619,149.1654158,607.5388656601635,0.09,0.0,0.0,0.0,0.09,0.0,0.0,0.0,0.09,2
1760177403687749200,1249,1760177403689806336,base_link,0,1,-35.363262,149.1654158,607.5388655391966,0.09,0.0,0.0,0.0,0.09,0.0,0.0,0.0,0.09,2
1760177403938600800,1250,1760177403939966848,base_link,0,1,-35.363262,149.1654156,607.5388652835351,0.09,0.0,0.0,0.0,0.09,0.0,0.0,0.0,0.09,2
1760177404190202400,1251,1760177404191080000,base_link,0,1,-35.363262,149.1654154,607.5388650278735,0.09,0.0,0.0,0.0,0.09,0.0,0.0,0.0,0.09,2
1760177404440522800,1252,1760177404441250752,base_link,0,1,-35.363262,149.1654152,607.5388647722118,0.09,0.0,0.0,0.0,0.09,0.0,0.0,0.0,0.09,2
1760177404691165000,1253,1760177404690358784,base_link,0,1,-35.363262,149.1654151,607.5388646443809,0.09,0.0,0.0,0.0,0.09,0.0,0.0,0.0,0.09,2
1760177404942108000,1254,1760177404940530560,base_link,0,1,-35.363262,149.1654149,607.538864388719,0.09,0.0,0.0,0.0,0.09,0.0,0.0,0.0,0.09,2
1760177405193178000,1255,1760177405190642432,base_link,0,1,-35.363262,149.1654148,607.538864260888,0.09,0.0,0.0,0.0,0.09,0.0,0.0,0.0,0.09,2
1760177405438173300,1256,1760177405440805248,base_link,0,1,-35.363262,149.1654147,607.538864133057,0.09,0.0,0.0,0.0,0.09,0.0,0.0,0.0,0.09,2
1760177405689300200,1257,1760177405690920448,base_link,0,1,-35.363262,149.1654146,607.538864005226,0.09,0.0,0.0,0.0,0.09,0.0,0.0,0.0,0.09,2
1760177405939765200,1258,1760177405941085312,base_link,0,1,-35.363262,149.1654145,607.5388638773949,0.09,0.0,0.0,0.0,0.09,0.0,0.0,0.0,0.09,2
1760177406190813100,1259,1760177406191194624,base_link,0,1,-35.363262,149.1654144,607.5388637495638,0.09,0.0,0.0,0.0,0.09,0.0,0.0,0.0,0.09,2
1760177406442001400,1260,1760177406442368960,base_link,0,1,-35.363262,149.1654143,607.5388636217327,0.09,0.0,0.0,0.0,0.09,0.0,0.0,0.0,0.09,2
1760177406692414700,1261,1760177406691482112,base_link,0,1,-35.363262,149.1654142,607.5388634939015,0.09,0.0,0.0,0.0,0.09,0.0,0.0,0.0,0.09,2
1760177406943234400,1262,1760177406941648768,base_link,0,1,-35.363262,149.1654142,607.5388634939015,0.09,0.0,0.0,0.0,0.09,0.0,0.0,0.0,0.09,2
1760177407194462900,1263,1760177407191765504,base_link,0,1,-35.363262,149.1654141,607.5388633660704,0.09,0.0,0.0,0.0,0.09,0.0,0.0,0.0,0.09,2
1760177407439504100,1264,1760177407441932160,base_link,0,1,-35.3632619,149.1654139,607.538863231374,0.09,0.0,0.0,0.0,0.09,0.0,0.0,0.0,0.09,2
1760177407690376700,1265,1760177407692043520,base_link,0,1,-35.3632615,149.1654127,607.538862181258,0.09,0.0,0.0,0.0,0.09,0.0,0.0,0.0,0.09,2
1760177407941088000,1266,1760177407942225024,base_link,0,1,-35.3632604,149.1654099,607.5288599325596,0.09,0.0,0.0,0.0,0.09,0.0,0.0,0.0,0.09,2
1760177408192135400,1267,1760177408192331008,base_link,0,1,-35.3632588,149.1654056,607.5288563710969,0.09,0.0,0.0,0.0,0.09,0.0,0.0,0.0,0.09,2
1760177408442903900,1268,1760177408443499712,base_link,0,1,-35.3632567,149.1653996,607.5388512410711,0.09,0.0,0.0,0.0,0.09,0.0,0.0,0.0,0.09,2
1760177408693996900,1269,1760177408692618496,base_link,0,1,-35.3632539,149.1653921,607.5388450398909,0.09,0.0,0.0,0.0,0.09,0.0,0.0,0.0,0.09,2
1760177408944496200,1270,1760177408942779008,base_link,0,1,-35.3632506,149.1653831,607.5388375254181,0.09,0.0,0.0,0.0,0.09,0.0,0.0,0.0,0.09,2
1760177409195469700,1271,1760177409192892160,base_link,0,1,-35.3632469,149.1653731,607.5388292157033,0.09,0.0,0.0,0.0,0.09,0.0,0.0,0.0,0.09,2
1760177409441043800,1272,1760177409443062400,base_link,0,1,-35.3632431,149.1653628,607.5388206427128,0.09,0.0,0.0,0.0,0.09,0.0,0.0,0.0,0.09,2
1760177409691551500,1273,1760177409693170944,base_link,0,1,-35.3632393,149.1653527,607.5388123247527,0.09,0.0,0.0,0.0,0.09,0.0,0.0,0.0,0.09,2
1760177409942650700,1274,1760177409943342208,base_link,0,1,-35.3632357,149.165343,607.5388042757183,0.09,0.0,0.0,0.0,0.09,0.0,0.0,0.0,0.09,2
1760177410193179500,1275,1760177410193454080,base_link,0,1,-35.3632323,149.1653339,607.538796751431,0.09,0.0,0.0,0.0,0.09,0.0,0.0,0.0,0.09,2
1760177410444090200,1276,1760177410444617664,base_link,0,1,-35.3632292,149.1653254,607.5287896310722,0.09,0.0,0.0,0.0,0.09,0.0,0.0,0.0,0.09,2
1760177410694946900,1277,1760177410694733376,base_link,0,1,-35.3632263,149.1653177,607.5287832914228,0.09,0.0,0.0,0.0,0.09,0.0,0.0,0.0,0.09,2
1760177410945703500,1278,1760177410943897728,base_link,0,1,-35.3632237,149.1653108,607.5287776116772,0.09,0.0,0.0,0.0,0.09,0.0,0.0,0.0,0.09,2
1760177411196763400,1279,1760177411194007552,base_link,0,1,-35.3632214,149.1653048,607.5287727198272,0.09,0.0,0.0,0.0,0.09,0.0,0.0,0.0,0.09,2
1760177411441634300,1280,1760177411444181376,base_link,0,1,-35.3632196,149.1652999,607.5287686299258,0.09,0.0,0.0,0.0,0.09,0.0,0.0,0.0,0.09,2
1760177411692485000,1281,1760177411694295552,base_link,0,1,-35.3632181,149.165296,607.538765456015,0.09,0.0,0.0,0.0,0.09,0.0,0.0,0.0,0.09,2
1760177411943412100,1282,1760177411944461440,base_link,0,1,-35.363217,149.1652931,607.5387630772608,0.09,0.0,0.0,0.0,0.09,0.0,0.0,0.0,0.09,2
1760177412194507500,1283,1760177412194578432,base_link,0,1,-35.3632162,149.1652912,607.5387616146276,0.09,0.0,0.0,0.0,0.09,0.0,0.0,0.0,0.09,2
1760177412444809500,1284,1760177412444745600,base_link,0,1,-35.3632157,149.16529,607.5387606844828,0.09,0.0,0.0,0.0,0.09,0.0,0.0,0.0,0.09,2
1760177412696088600,1285,1760177412695857472,base_link,0,1,-35.3632154,149.1652893,607.5387601519691,0.09,0.0,0.0,0.0,0.09,0.0,0.0,0.0,0.09,2
1760177412947336600,1286,1760177412945034112,base_link,0,1,-35.3632154,149.1652891,607.5387598961887,0.09,0.0,0.0,0.0,0.09,0.0,0.0,0.0,0.09,2
1760177413197827500,1287,1760177413195140352,base_link,0,1,-35.3632154,149.1652891,607.5387598961887,0.09,0.0,0.0,0.0,0.09,0.0,0.0,0.0,0.09,2
1760177413443022200,1288,1760177413445308800,base_link,0,1,-35.3632154,149.1652895,607.5387604077494,0.09,0.0,0.0,0.0,0.09,0.0,0.0,0.0,0.09,2
1760177413694003000,1289,1760177413695427328,base_link,0,1,-35.3632148,149.1652906,607.5287625399741,0.09,0.0,0.0,0.0,0.09,0.0,0.0,0.0,0.09,2
1760177413944166100,1290,1760177413945593216,base_link,0,1,-35.3632131,149.1652931,607.5287677926426,0.09,0.0,0.0,0.0,0.09,0.0,0.0,0.0,0.09,2
1760177414195565400,1291,1760177414195706368,base_link,0,1,-35.3632106,149.1652967,607.5387754194109,0.09,0.0,0.0,0.0,0.09,0.0,0.0,0.0,0.09,2
1760177414446772700,1292,1760177414445876864,base_link,0,1,-35.3632074,149.1653011,607.5387849157551,0.09,0.0,0.0,0.0,0.09,0.0,0.0,0.0,0.09,2
1760177414697419200,1293,1760177414696984896,base_link,0,1,-35.3632042,149.1653055,607.5387944122031,0.09,0.0,0.0,0.0,0.09,0.0,0.0,0.0,0.09,2
1760177414947952900,1294,1760177414946161536,base_link,0,1,-35.363201,149.1653098,607.5388037808631,0.09,0.0,0.0,0.0,0.09,0.0,0.0,0.0,0.09,2
1760177415199043000,1295,1760177415196273152,base_link,0,1,-35.3631982,149.1653137,607.5388121543771,0.09,0.0,0.0,0.0,0.09,0.0,0.0,0.0,0.09,2
1760177415443972100,1296,1760177415446435968,base_link,0,1,-35.3631959,149.165317,607.5288191560056,0.09,0.0,0.0,0.0,0.09,0.0,0.0,0.0,0.09,2
1760177415695051700,1297,1760177415696551168,base_link,0,1,-35.363194,149.1653196,607.5288247787444,0.09,0.0,0.0,0.0,0.09,0.0,0.0,0.0,0.09,2
1760177415945546300,1298,1760177415946715264,base_link,0,1,-35.3631927,149.1653216,607.5288289086137,0.09,0.0,0.0,0.0,0.09,0.0,0.0,0.0,0.09,2
1760177416196351300,1299,1760177416196824576,base_link,0,1,-35.3631918,149.165323,607.5288317874403,0.09,0.0,0.0,0.0,0.09,0.0,0.0,0.0,0.09,2
1760177416447178300,1300,1760177416446998144,base_link,0,1,-35.3631912,149.1653239,607.5288336640317,0.09,0.0,0.0,0.0,0.09,0.0,0.0,0.0,0.09,2
1760177416698331000,1301,1760177416698102592,base_link,0,1,-35.3631908,149.1653245,607.5288349150946,0.09,0.0,0.0,0.0,0.09,0.0,0.0,0.0,0.09,2
1760177416949544300,1302,1760177416948266944,base_link,0,1,-35.3631907,149.1653248,607.5288354197006,0.09,0.0,0.0,0.0,0.09,0.0,0.0,0.0,0.09,2
1760177417200124700,1303,1760177417197382656,base_link,0,1,-35.3631907,149.165325,607.528835675487,0.09,0.0,0.0,0.0,0.09,0.0,0.0,0.0,0.09,2
1760177417445417100,1304,1760177417447545984,base_link,0,1,-35.3631906,149.1653252,607.5288360521998,0.09,0.0,0.0,0.0,0.09,0.0,0.0,0.0,0.09,2
1760177417695896000,1305,1760177417697657344,base_link,0,1,-35.36319,149.165326,607.5288378009058,0.09,0.0,0.0,0.0,0.09,0.0,0.0,0.0,0.09,2
1760177417946923200,1306,1760177417947832192,base_link,0,1,-35.3631884,149.1653279,607.5288421657208,0.09,0.0,0.0,0.0,0.09,0.0,0.0,0.0,0.09,2
1760177418197821100,1307,1760177418197937920,base_link,0,1,-35.3631859,149.165331,607.5388491536539,0.09,0.0,0.0,0.0,0.09,0.0,0.0,0.0,0.09,2
1760177418448357500,1308,1760177418448104832,base_link,0,1,-35.3631827,149.1653349,607.5388580113286,0.09,0.0,0.0,0.0,0.09,0.0,0.0,0.0,0.09,2
1760177418699865400,1309,1760177418698222336,base_link,0,1,-35.3631793,149.165339,607.5388673667617,0.09,0.0,0.0,0.0,0.09,0.0,0.0,0.0,0.09,2
1760177418950088700,1310,1760177418949382080,base_link,0,1,-35.3631761,149.1653429,607.5388762246395,0.09,0.0,0.0,0.0,0.09,0.0,0.0,0.0,0.09,2
1760177419201097600,1311,1760177419198494720,base_link,0,1,-35.3631731,149.1653464,607.5388843291511,0.09,0.0,0.0,0.0,0.09,0.0,0.0,0.0,0.09,2
1760177419446231200,1312,1760177419448663680,base_link,0,1,-35.3631706,149.1653494,607.5388911895564,0.09,0.0,0.0,0.0,0.09,0.0,0.0,0.0,0.09,2
1760177419697181100,1313,1760177419698770432,base_link,0,1,-35.3631687,149.1653518,607.5288965569812,0.09,0.0,0.0,0.0,0.09,0.0,0.0,0.0,0.09,2
1760177419947792400,1314,1760177419948940160,base_link,0,1,-35.3631672,149.1653536,607.5289006732806,0.09,0.0,0.0,0.0,0.09,0.0,0.0,0.0,0.09,2
1760177420198634900,1315,1760177420199050240,base_link,0,1,-35.3631663,149.1653548,607.5289032965479,0.09,0.0,0.0,0.0,0.09,0.0,0.0,0.0,0.09,2
1760177420449451000,1316,1760177420449212288,base_link,0,1,-35.3631656,149.1653556,607.528905166342,0.09,0.0,0.0,0.0,0.09,0.0,0.0,0.0,0.09,2
1760177420700297700,1317,1760177420699326720,base_link,0,1,-35.3631653,149.1653561,607.5289061686663,0.09,0.0,0.0,0.0,0.09,0.0,0.0,0.0,0.09,2
1760177420951426100,1318,1760177420950488768,base_link,0,1,-35.3631652,149.1653563,607.5289065454073,0.09,0.0,0.0,0.0,0.09,0.0,0.0,0.0,0.09,2
1760177421202237200,1319,1760177421199597824,base_link,0,1,-35.3631651,149.1653564,607.5289067942504,0.09,0.0,0.0,0.0,0.09,0.0,0.0,0.0,0.09,2
1760177421447155100,1320,1760177421449770112,base_link,0,1,-35.3631651,149.1653565,607.5289069221483,0.09,0.0,0.0,0.0,0.09,0.0,0.0,0.0,0.09,2
1760177421698140500,1321,1760177421699874048,base_link,0,1,-35.3631645,149.1653573,607.528908671005,0.09,0.0,0.0,0.0,0.09,0.0,0.0,0.0,0.09,2
1760177421949729500,1322,1760177421950038912,base_link,0,1,-35.3631629,149.1653592,607.5289130362112,0.09,0.0,0.0,0.0,0.09,0.0,0.0,0.0,0.09,2
1760177422200151500,1323,1760177422200155136,base_link,0,1,-35.3631604,149.1653623,607.5289200247616,0.09,0.0,0.0,0.0,0.09,0.0,0.0,0.0,0.09,2
1760177422451080000,1324,1760177422450317952,base_link,0,1,-35.3631571,149.1653662,607.5389290041743,0.09,0.0,0.0,0.0,0.09,0.0,0.0,0.0,0.09,2
1760177422701621900,1325,1760177422700428800,base_link,0,1,-35.3631538,149.1653703,607.5389382394904,0.09,0.0,0.0,0.0,0.09,0.0,0.0,0.0,0.09,2
1760177422952443700,1326,1760177422951599296,base_link,0,1,-35.3631506,149.1653742,607.5389470981552,0.09,0.0,0.0,0.0,0.09,0.0,0.0,0.0,0.09,2
1760177423203148000,1327,1760177423200704512,base_link,0,1,-35.3631476,149.1653777,607.5389552033972,0.09,0.0,0.0,0.0,0.09,0.0,0.0,0.0,0.09,2
1760177423448271800,1328,1760177423450871936,base_link,0,1,-35.3631452,149.1653807,607.5289619434552,0.09,0.0,0.0,0.0,0.09,0.0,0.0,0.0,0.09,2
1760177423699200800,1329,1760177423700984320,base_link,0,1,-35.3631433,149.165383,607.5289671834479,0.09,0.0,0.0,0.0,0.09,0.0,0.0,0.0,0.09,2
1760177423950233800,1330,1760177423951143552,base_link,0,1,-35.3631418,149.1653848,607.5289713001135,0.09,0.0,0.0,0.0,0.09,0.0,0.0,0.0,0.09,2
1760177424200991400,1331,1760177424201255680,base_link,0,1,-35.3631409,149.165386,607.5289739236061,0.09,0.0,0.0,0.0,0.09,0.0,0.0,0.0,0.09,2
1760177424451552800,1332,1760177424451424640,base_link,0,1,-35.3631402,149.1653868,607.5289757935693,0.09,0.0,0.0,0.0,0.09,0.0,0.0,0.0,0.09,2
1760177424702440600,1333,1760177424701531904,base_link,0,1,-35.3631399,149.1653873,607.5289767959732,0.09,0.0,0.0,0.0,0.09,0.0,0.0,0.0,0.09,2
1760177424953662600,1334,1760177424951701888,base_link,0,1,-35.3631398,149.1653875,607.5289771727424,0.09,0.0,0.0,0.0,0.09,0.0,0.0,0.0,0.09,2
1760177425204588400,1335,1760177425202812480,base_link,0,1,-35.3631398,149.1653876,607.528977300645,0.09,0.0,0.0,0.0,0.09,0.0,0.0,0.0,0.09,2
1760177425449532300,1336,1760177425451974784,base_link,0,1,-35.3631397,149.1653877,607.5289775495116,0.09,0.0,0.0,0.0,0.09,0.0,0.0,0.0,0.09,2
1760177425700465000,1337,1760177425702088192,base_link,0,1,-35.3631391,149.1653885,607.5289792985185,0.09,0.0,0.0,0.0,0.09,0.0,0.0,0.0,0.09,2
1760177425951112100,1338,1760177425952250752,base_link,0,1,-35.3631375,149.1653905,607.5289837920172,0.09,0.0,0.0,0.0,0.09,0.0,0.0,0.0,0.09,2
1760177426202262800,1339,1760177426202359040,base_link,0,1,-35.3631349,149.1653936,607.5289909021508,0.09,0.0,0.0,0.0,0.09,0.0,0.0,0.0,0.09,2
1760177426452840400,1340,1760177426452530560,base_link,0,1,-35.3631317,149.1653975,607.5389997613994,0.09,0.0,0.0,0.0,0.09,0.0,0.0,0.0,0.09,2
1760177426703494800,1341,1760177426702633472,base_link,0,1,-35.3631283,149.1654016,607.5390091185006,0.09,0.0,0.0,0.0,0.09,0.0,0.0,0.0,0.09,2
1760177426954470600,1342,1760177426952797824,base_link,0,1,-35.3631251,149.1654055,607.5390179779522,0.09,0.0,0.0,0.0,0.09,0.0,0.0,0.0,0.09,2
1760177427205242400,1343,1760177427203913536,base_link,0,1,-35.3631221,149.165409,607.5390260839247,0.09,0.0,0.0,0.0,0.09,0.0,0.0,0.0,0.09,2
1760177427451046100,1344,1760177427453069696,base_link,0,1,-35.3631197,149.1654119,607.5290326966701,0.09,0.0,0.0,0.0,0.09,0.0,0.0,0.0,0.09,2
1760177427701519300,1345,1760177427703180032,base_link,0,1,-35.3631178,149.1654143,607.5290380650356,0.09,0.0,0.0,0.0,0.09,0.0,0.0,0.0,0.09,2
1760177427952755700,1346,1760177427953351040,base_link,0,1,-35.3631164,149.165416,607.5290419331806,0.09,0.0,0.0,0.0,0.09,0.0,0.0,0.0,0.09,2
1760177428203416700,1347,1760177428203456256,base_link,0,1,-35.3631154,149.1654172,607.5290446778805,0.09,0.0,0.0,0.0,0.09,0.0,0.0,0.0,0.09,2
1760177428454102300,1348,1760177428453622656,base_link,0,1,-35.3631148,149.165418,607.5290464270307,0.09,0.0,0.0,0.0,0.09,0.0,0.0,0.0,0.09,2
1760177428705377900,1349,1760177428703731200,base_link,0,1,-35.3631145,149.1654185,607.5290474295144,0.09,0.0,0.0,0.0,0.09,0.0,0.0,0.0,0.09,2
1760177428955694000,1350,1760177428953889664,base_link,0,1,-35.3631144,149.1654187,607.5290478063117,0.09,0.0,0.0,0.0,0.09,0.0,0.0,0.0,0.09,2
1760177429206554600,1351,1760177429205001536,base_link,0,1,-35.3631144,149.1654188,607.529047934219,0.09,0.0,0.0,0.0,0.09,0.0,0.0,0.0,0.09,2
1760177429451690100,1352,1760177429454161536,base_link,0,1,-35.3631143,149.1654189,607.529048183109,0.09,0.0,0.0,0.0,0.09,0.0,0.0,0.0,0.09,2
1760177429702918700,1353,1760177429704268800,base_link,0,1,-35.3631137,149.1654197,607.5290499322662,0.09,0.0,0.0,0.0,0.09,0.0,0.0,0.0,0.09,2
1760177429953839000,1354,1760177429954438016,base_link,0,1,-35.3631121,149.1654216,607.5290542982516,0.09,0.0,0.0,0.0,0.09,0.0,0.0,0.0,0.09,2
1760177430204845500,1355,1760177430204548864,base_link,0,1,-35.3631095,149.1654247,607.5290614090184,0.09,0.0,0.0,0.0,0.09,0.0,0.0,0.0,0.09,2
1760177430455487000,1356,1760177430454711168,base_link,0,1,-35.3631063,149.1654286,607.5390702690503,0.09,0.0,0.0,0.0,0.09,0.0,0.0,0.0,0.09,2
1760177430706143000,1357,1760177430704825344,base_link,0,1,-35.3631029,149.1654327,607.5390796269818,0.09,0.0,0.0,0.0,0.09,0.0,0.0,0.0,0.09,2
1760177430956820500,1358,1760177430954979200,base_link,0,1,-35.3630997,149.1654366,607.5390884872168,0.09,0.0,0.0,0.0,0.09,0.0,0.0,0.0,0.09,2
1760177431202141700,1359,1760177431205088256,base_link,0,1,-35.3630968,149.1654401,607.5390964729205,0.09,0.0,0.0,0.0,0.09,0.0,0.0,0.0,0.09,2
1760177431453076000,1360,1760177431456261056,base_link,0,1,-35.3630943,149.1654431,607.529103335159,0.09,0.0,0.0,0.0,0.09,0.0,0.0,0.0,0.09,2
1760177431703876000,1361,1760177431705365248,base_link,0,1,-35.3630924,149.1654454,607.5291085760825,0.09,0.0,0.0,0.0,0.09,0.0,0.0,0.0,0.09,2
1760177431955688500,1362,1760177431955529088,base_link,0,1,-35.363091,149.1654472,607.5291125724815,0.09,0.0,0.0,0.0,0.09,0.0,0.0,0.0,0.09,2
1760177432205630100,1363,1760177432205645056,base_link,0,1,-35.36309,149.1654484,607.5291153174255,0.09,0.0,0.0,0.0,0.09,0.0,0.0,0.0,0.09,2
1760177432456263700,1364,1760177432455801728,base_link,0,1,-35.3630894,149.1654492,607.5291170667259,0.09,0.0,0.0,0.0,0.09,0.0,0.0,0.0,0.09,2
1760177432707359800,1365,1760177432705912320,base_link,0,1,-35.3630891,149.1654497,607.5291180692894,0.09,0.0,0.0,0.0,0.09,0.0,0.0,0.0,0.09,2
1760177432958183400,1366,1760177432956075136,base_link,0,1,-35.3630889,149.1654499,607.5291185671164,0.09,0.0,0.0,0.0,0.09,0.0,0.0,0.0,0.09,2
1760177433203397800,1367,1760177433206180608,base_link,0,1,-35.3630889,149.16545,607.5391186950284,0.09,0.0,0.0,0.0,0.09,0.0,0.0,0.0,0.09,2
1760177433454244800,1368,1760177433457347008,base_link,0,1,-35.3630889,149.1654501,607.5391188229403,0.09,0.0,0.0,0.0,0.09,0.0,0.0,0.0,0.09,2
1760177433705454100,1369,1760177433706456832,base_link,0,1,-35.3630883,149.1654508,607.5291204443356,0.09,0.0,0.0,0.0,0.09,0.0,0.0,0.0,0.09,2
1760177433955936900,1370,1760177433956621184,base_link,0,1,-35.3630867,149.1654527,607.5291248107103,0.09,0.0,0.0,0.0,0.09,0.0,0.0,0.0,0.09,2
1760177434206844300,1371,1760177434206733056,base_link,0,1,-35.3630841,149.1654559,607.5291320500232,0.09,0.0,0.0,0.0,0.09,0.0,0.0,0.0,0.09,2
1760177434457398700,1372,1760177434456892800,base_link,0,1,-35.3630809,149.1654598,607.539140910839,0.09,0.0,0.0,0.0,0.09,0.0,0.0,0.0,0.09,2
1760177434708283700,1373,1760177434707000064,base_link,0,1,-35.3630775,149.1654638,607.5391501416872,0.09,0.0,0.0,0.0,0.09,0.0,0.0,0.0,0.09,2
1760177434958973400,1374,1760177434957160832,base_link,0,1,-35.3630743,149.1654677,607.5391590027054,0.09,0.0,0.0,0.0,0.09,0.0,0.0,0.0,0.09,2
1760177435204709200,1375,1760177435207271424,base_link,0,1,-35.3630714,149.1654712,607.5391669891175,0.09,0.0,0.0,0.0,0.09,0.0,0.0,0.0,0.09,2
1760177435455294400,1376,1760177435458433472,base_link,0,1,-35.3630689,149.1654742,607.5291738519657,0.09,0.0,0.0,0.0,0.09,0.0,0.0,0.0,0.09,2
1760177435706346900,1377,1760177435707547392,base_link,0,1,-35.363067,149.1654766,607.5291792212695,0.09,0.0,0.0,0.0,0.09,0.0,0.0,0.0,0.09,2
1760177435957107600,1378,1760177435957701504,base_link,0,1,-35.3630655,149.1654783,607.5291832111183,0.09,0.0,0.0,0.0,0.09,0.0,0.0,0.0,0.09,2
1760177436208418500,1379,1760177436207810304,base_link,0,1,-35.3630646,149.1654796,607.5291859632039,0.09,0.0,0.0,0.0,0.09,0.0,0.0,0.0,0.09,2
1760177436458673800,1380,1760177436457973632,base_link,0,1,-35.363064,149.1654804,607.5291877126546,0.09,0.0,0.0,0.0,0.09,0.0,0.0,0.0,0.09,2
1760177436709881700,1381,1760177436708077056,base_link,0,1,-35.3630636,149.1654808,607.5291887084014,0.09,0.0,0.0,0.0,0.09,0.0,0.0,0.0,0.09,2
1760177436960354400,1382,1760177436958188416,base_link,0,1,-35.3630635,149.165481,607.5291890852551,0.09,0.0,0.0,0.0,0.09,0.0,0.0,0.0,0.09,2
1760177437205825500,1383,1760177437208304128,base_link,0,1,-35.3630635,149.1654811,607.5391892131718,0.09,0.0,0.0,0.0,0.09,0.0,0.0,0.0,0.09,2
1760177437457030200,1384,1760177437458461312,base_link,0,1,-35.3630634,149.1654813,607.5391895900254,0.09,0.0,0.0,0.0,0.09,0.0,0.0,0.0,0.09,2
1760177437707821200,1385,1760177437709571904,base_link,0,1,-35.3630628,149.1654821,607.5291913394834,0.09,0.0,0.0,0.0,0.09,0.0,0.0,0.0,0.09,2
1760177437958769000,1386,1760177437958729344,base_link,0,1,-35.3630612,149.165484,607.5291957062492,0.09,0.0,0.0,0.0,0.09,0.0,0.0,0.0,0.09,2
1760177438209275000,1387,1760177438208834560,base_link,0,1,-35.3630586,149.1654872,607.5292029462028,0.09,0.0,0.0,0.0,0.09,0.0,0.0,0.0,0.09,2
1760177438460082400,1388,1760177438458947456,base_link,0,1,-35.3630554,149.1654911,607.5392118078054,0.09,0.0,0.0,0.0,0.09,0.0,0.0,0.0,0.09,2
1760177438711037000,1389,1760177438709056512,base_link,0,1,-35.363052,149.1654951,607.5392210394828,0.09,0.0,0.0,0.0,0.09,0.0,0.0,0.0,0.09,2
1760177438961135300,1390,1760177438959164544,base_link,0,1,-35.3630488,149.165499,607.5392299012879,0.09,0.0,0.0,0.0,0.09,0.0,0.0,0.0,0.09,2
1760177439206853700,1391,1760177439209279232,base_link,0,1,-35.3630459,149.1655025,607.5392378884112,0.09,0.0,0.0,0.0,0.09,0.0,0.0,0.0,0.09,2
1760177439457423500,1392,1760177439459432064,base_link,0,1,-35.3630434,149.1655055,607.5292447518719,0.09,0.0,0.0,0.0,0.09,0.0,0.0,0.0,0.09,2
1760177439708467600,1393,1760177439710539840,base_link,0,1,-35.3630415,149.1655078,607.5292499937261,0.09,0.0,0.0,0.0,0.09,0.0,0.0,0.0,0.09,2
1760177439959019300,1394,1760177439959701888,base_link,0,1,-35.3630401,149.1655096,607.5292539908208,0.09,0.0,0.0,0.0,0.09,0.0,0.0,0.0,0.09,2
1760177440210256900,1395,1760177440209812992,base_link,0,1,-35.3630391,149.1655108,607.5292567362536,0.09,0.0,0.0,0.0,0.09,0.0,0.0,0.0,0.09,2
1760177440460729100,1396,1760177440459923584,base_link,0,1,-35.3630385,149.1655116,607.5292584858549,0.09,0.0,0.0,0.0,0.09,0.0,0.0,0.0,0.09,2
1760177440712624500,1397,1760177440710098176,base_link,0,1,-35.3630382,149.1655121,607.5292594885783,0.09,0.0,0.0,0.0,0.09,0.0,0.0,0.0,0.09,2
1760177440962790900,1398,1760177440960203648,base_link,0,1,-35.3630381,149.1655123,607.5292598654601,0.09,0.0,0.0,0.0,0.09,0.0,0.0,0.0,0.09,2
1760177441207608000,1399,1760177441210314240,base_link,0,1,-35.3630381,149.1655123,607.53925986546,0.09,0.0,0.0,0.0,0.09,0.0,0.0,0.0,0.09,2
1760177441458662300,1400,1760177441460479360,base_link,0,1,-35.363038,149.1655125,607.5392602423419,0.09,0.0,0.0,0.0,0.09,0.0,0.0,0.0,0.09,2
1760177441709941400,1401,1760177441711584576,base_link,0,1,-35.3630374,149.1655132,607.5292618640286,0.09,0.0,0.0,0.0,0.09,0.0,0.0,0.0,0.09,2
1760177441960142300,1402,1760177441960696960,base_link,0,1,-35.3630358,149.1655152,607.5292663591055,0.09,0.0,0.0,0.0,0.09,0.0,0.0,0.0,0.09,2
1760177442211420000,1403,1760177442210814208,base_link,0,1,-35.3630332,149.1655184,607.5392735996974,0.09,0.0,0.0,0.0,0.09,0.0,0.0,0.0,0.09,2
1760177442462299400,1404,1760177442460921984,base_link,0,1,-35.3630299,149.1655223,607.5392825831289,0.09,0.0,0.0,0.0,0.09,0.0,0.0,0.0,0.09,2
1760177442713763600,1405,1760177442711092480,base_link,0,1,-35.3630266,149.1655263,607.5392916945872,0.09,0.0,0.0,0.0,0.09,0.0,0.0,0.0,0.09,2
1760177442963507100,1406,1760177442961203328,base_link,0,1,-35.3630233,149.1655302,607.5393006782259,0.09,0.0,0.0,0.0,0.09,0.0,0.0,0.0,0.09,2
1760177443209004600,1407,1760177443211311616,base_link,0,1,-35.3630204,149.1655337,607.5393086660602,0.09,0.0,0.0,0.0,0.09,0.0,0.0,0.0,0.09,2
1760177443459768000,1408,1760177443461473408,base_link,0,1,-35.363018,149.1655366,607.5393152811537,0.09,0.0,0.0,0.0,0.09,0.0,0.0,0.0,0.09,2
1760177443710383200,1409,1760177443711584000,base_link,0,1,-35.3630161,149.1655389,607.5293205234722,0.09,0.0,0.0,0.0,0.09,0.0,0.0,0.0,0.09,2
1760177443961394900,1410,1760177443962693824,base_link,0,1,-35.3630147,149.1655406,607.5293243929883,0.09,0.0,0.0,0.0,0.09,0.0,0.0,0.0,0.09,2
1760177444212417600,1411,1760177444211867392,base_link,0,1,-35.3630138,149.1655418,607.5293270176078,0.09,0.0,0.0,0.0,0.09,0.0,0.0,0.0,0.09,2
1760177444463402400,1412,1760177444461971840,base_link,0,1,-35.3630132,149.1655426,607.5293287673586,0.09,0.0,0.0,0.0,0.09,0.0,0.0,0.0,0.09,2
1760177444714210500,1413,1760177444712138240,base_link,0,1,-35.3630129,149.1655431,607.5293297701613,0.09,0.0,0.0,0.0,0.09,0.0,0.0,0.0,0.09,2
1760177444964737700,1414,1760177444962254720,base_link,0,1,-35.3630128,149.1655433,607.5393301470712,0.09,0.0,0.0,0.0,0.09,0.0,0.0,0.0,0.09,2
1760177445209909200,1415,1760177445212362496,base_link,0,1,-35.3630128,149.1655434,607.5393302749972,0.09,0.0,0.0,0.0,0.09,0.0,0.0,0.0,0.09,2
1760177445460824000,1416,1760177445462474624,base_link,0,1,-35.3630127,149.1655435,607.5393305239811,0.09,0.0,0.0,0.0,0.09,0.0,0.0,0.0,0.09,2
1760177445711806200,1417,1760177445712591360,base_link,0,1,-35.363012,149.1655443,607.5293323947972,0.09,0.0,0.0,0.0,0.09,0.0,0.0,0.0,0.09,2
1760177445962508400,1418,1760177445963762112,base_link,0,1,-35.3630104,149.1655463,607.5293368902678,0.09,0.0,0.0,0.0,0.09,0.0,0.0,0.0,0.09,2
1760177446214091100,1419,1760177446212931328,base_link,0,1,-35.3630077,149.1655495,607.5393442525591,0.09,0.0,0.0,0.0,0.09,0.0,0.0,0.0,0.09,2
1760177446464128900,1420,1760177446463049856,base_link,0,1,-35.3630045,149.1655534,607.5393531157309,0.09,0.0,0.0,0.0,0.09,0.0,0.0,0.0,0.09,2
1760177446715915100,1421,1760177446713212672,base_link,0,1,-35.3630011,149.1655575,607.5393624769905,0.09,0.0,0.0,0.0,0.09,0.0,0.0,0.0,0.09,2
1760177446966050400,1422,1760177446963326336,base_link,0,1,-35.3629979,149.1655614,607.5393713403653,0.09,0.0,0.0,0.0,0.09,0.0,0.0,0.0,0.09,2
1760177447211020900,1423,1760177447213440768,base_link,0,1,-35.362995,149.1655649,607.5393793289081,0.09,0.0,0.0,0.0,0.09,0.0,0.0,0.0,0.09,2
1760177447461871300,1424,1760177447463549312,base_link,0,1,-35.3629926,149.1655678,607.5293859445884,0.09,0.0,0.0,0.0,0.09,0.0,0.0,0.0,0.09,2
1760177447713391800,1425,1760177447713721600,base_link,0,1,-35.3629907,149.1655701,607.5293911873714,0.09,0.0,0.0,0.0,0.09,0.0,0.0,0.0,0.09,2
1760177447963496100,1426,1760177447964833472,base_link,0,1,-35.3629893,149.1655718,607.5293950572301,0.09,0.0,0.0,0.0,0.09,0.0,0.0,0.0,0.09,2
1760177448215204400,1427,1760177448213997824,base_link,0,1,-35.3629883,149.165573,607.5293978031506,0.09,0.0,0.0,0.0,0.09,0.0,0.0,0.0,0.09,2
1760177448465280200,1428,1760177448464113536,base_link,0,1,-35.3629878,149.1655738,607.5293994319758,0.09,0.0,0.0,0.0,0.09,0.0,0.0,0.0,0.09,2
1760177448717271100,1429,1760177448714278400,base_link,0,1,-35.3629874,149.1655743,607.5294005559348,0.09,0.0,0.0,0.0,0.09,0.0,0.0,0.0,0.09,2
1760177448966744300,1430,1760177448964388480,base_link,0,1,-35.3629873,149.1655745,607.5294009328728,0.09,0.0,0.0,0.0,0.09,0.0,0.0,0.0,0.09,2
1760177449212776900,1431,1760177449214563072,base_link,0,1,-35.3629873,149.1655746,607.5394010608036,0.09,0.0,0.0,0.0,0.09,0.0,0.0,0.0,0.09,2
1760177449462982200,1432,1760177449464668032,base_link,0,1,-35.3629872,149.1655747,607.5394013098111,0.09,0.0,0.0,0.0,0.09,0.0,0.0,0.0,0.09,2
1760177449714834800,1433,1760177449714834432,base_link,0,1,-35.3629866,149.1655755,607.5294030597192,0.09,0.0,0.0,0.0,0.09,0.0,0.0,0.0,0.09,2
1760177449964423500,1434,1760177449964951936,base_link,0,1,-35.362985,149.1655775,607.5294075555843,0.09,0.0,0.0,0.0,0.09,0.0,0.0,0.0,0.09,2
1760177450215805100,1435,1760177450216110912,base_link,0,1,-35.3629823,149.1655807,607.5294149185324,0.09,0.0,0.0,0.0,0.09,0.0,0.0,0.0,0.09,2
1760177450466252400,1436,1760177450465222528,base_link,0,1,-35.3629791,149.1655846,607.539423782488,0.09,0.0,0.0,0.0,0.09,0.0,0.0,0.0,0.09,2
1760177450717866100,1437,1760177450715390976,base_link,0,1,-35.3629757,149.1655887,607.5394331445781,0.09,0.0,0.0,0.0,0.09,0.0,0.0,0.0,0.09,2
1760177450968381400,1438,1760177450965497472,base_link,0,1,-35.3629725,149.1655926,607.5394420087367,0.09,0.0,0.0,0.0,0.09,0.0,0.0,0.0,0.09,2
1760177451214189900,1439,1760177451215666688,base_link,0,1,-35.3629696,149.165596,607.5394498700541,0.09,0.0,0.0,0.0,0.09,0.0,0.0,0.0,0.09,2
1760177451464216000,1440,1760177451465782144,base_link,0,1,-35.3629671,149.165599,607.5294567353463,0.09,0.0,0.0,0.0,0.09,0.0,0.0,0.0,0.09,2
1760177451715957300,1441,1760177451715943680,base_link,0,1,-35.3629652,149.1656013,607.5294619785954,0.09,0.0,0.0,0.0,0.09,0.0,0.0,0.0,0.09,2
1760177451965878800,1442,1760177451966057088,base_link,0,1,-35.3629638,149.165603,607.5294658487976,0.09,0.0,0.0,0.0,0.09,0.0,0.0,0.0,0.09,2
1760177452217800800,1443,1760177452217219648,base_link,0,1,-35.3629629,149.1656042,607.5294684738683,0.09,0.0,0.0,0.0,0.09,0.0,0.0,0.0,0.09,2
1760177452468041700,1444,1760177452466328704,base_link,0,1,-35.3629623,149.165605,607.5294702239198,0.09,0.0,0.0,0.0,0.09,0.0,0.0,0.0,0.09,2
1760177452718286800,1445,1760177452716500480,base_link,0,1,-35.362962,149.1656055,607.5294712268824,0.09,0.0,0.0,0.0,0.09,0.0,0.0,0.0,0.09,2
1760177452969296300,1446,1760177452966617728,base_link,0,1,-35.3629619,149.1656057,607.5294716038486,0.09,0.0,0.0,0.0,0.09,0.0,0.0,0.0,0.09,2
1760177453215855300,1447,1760177453216781056,base_link,0,1,-35.3629619,149.1656057,607.5294716038486,0.09,0.0,0.0,0.0,0.09,0.0,0.0,0.0,0.09,2
1760177453465408700,1448,1760177453466896256,base_link,0,1,-35.3629618,149.1656059,607.5394719808149,0.09,0.0,0.0,0.0,0.09,0.0,0.0,0.0,0.09,2
1760177453717095000,1449,1760177453717060352,base_link,0,1,-35.3629612,149.1656067,607.5294737308734,0.09,0.0,0.0,0.0,0.09,0.0,0.0,0.0,0.09,2
1760177453966903400,1450,1760177453967176320,base_link,0,1,-35.3629596,149.1656087,607.5294782271324,0.09,0.0,0.0,0.0,0.09,0.0,0.0,0.0,0.09,2
1760177454217683200,1451,1760177454218355776,base_link,0,1,-35.3629569,149.1656118,607.5294854628014,0.09,0.0,0.0,0.0,0.09,0.0,0.0,0.0,0.09,2
1760177454468766800,1452,1760177454467460992,base_link,0,1,-35.3629537,149.1656158,607.5394944554769,0.09,0.0,0.0,0.0,0.09,0.0,0.0,0.0,0.09,2
1760177454719612900,1453,1760177454717628160,base_link,0,1,-35.3629503,149.1656198,607.5395036904599,0.09,0.0,0.0,0.0,0.09,0.0,0.0,0.0,0.09,2
1760177454970683200,1454,1760177454967750528,base_link,0,1,-35.3629471,149.1656237,607.5395125554015,0.09,0.0,0.0,0.0,0.09,0.0,0.0,0.0,0.09,2
1760177455216378200,1455,1760177455217916416,base_link,0,1,-35.3629442,149.1656272,607.539520545361,0.09,0.0,0.0,0.0,0.09,0.0,0.0,0.0,0.09,2
1760177455466580800,1456,1760177455468028800,base_link,0,1,-35.3629417,149.1656301,607.5295272833241,0.09,0.0,0.0,0.0,0.09,0.0,0.0,0.0,0.09,2
1760177455717980400,1457,1760177455718198016,base_link,0,1,-35.3629398,149.1656325,607.5295326549768,0.09,0.0,0.0,0.0,0.09,0.0,0.0,0.0,0.09,2
1760177455967993000,1458,1760177455968305280,base_link,0,1,-35.3629384,149.1656342,607.5295365255216,0.09,0.0,0.0,0.0,0.09,0.0,0.0,0.0,0.09,2
1760177456219547100,1459,1760177456218475264,base_link,0,1,-35.3629375,149.1656354,607.5295391508174,0.09,0.0,0.0,0.0,0.09,0.0,0.0,0.0,0.09,2
1760177456469765900,1460,1760177456469588160,base_link,0,1,-35.3629369,149.1656362,607.5295409010191,0.09,0.0,0.0,0.0,0.09,0.0,0.0,0.0,0.09,2
1760177456720834900,1461,1760177456718749952,base_link,0,1,-35.3629366,149.1656366,607.5295417761214,0.09,0.0,0.0,0.0,0.09,0.0,0.0,0.0,0.09,2
1760177456972108500,1462,1760177456968864128,base_link,0,1,-35.3629364,149.1656368,607.5295422742299,0.09,0.0,0.0,0.0,0.09,0.0,0.0,0.0,0.09,2
1760177457217432800,1463,1760177457219026176,base_link,0,1,-35.3629365,149.1656369,607.5395422810558,0.09,0.0,0.0,0.0,0.09,0.0,0.0,0.0,0.09,2
1760177457467766100,1464,1760177457469134208,base_link,0,1,-35.3629364,149.165637,607.5395425301102,0.09,0.0,0.0,0.0,0.09,0.0,0.0,0.0,0.09,2
1760177457718220000,1465,1760177457719306240,base_link,0,1,-35.3629357,149.1656379,607.5295445293737,0.09,0.0,0.0,0.0,0.09,0.0,0.0,0.0,0.09,2
1760177457968971500,1466,1760177457969419136,base_link,0,1,-35.3629341,149.1656399,607.5295490260281,0.09,0.0,0.0,0.0,0.09,0.0,0.0,0.0,0.09,2
1760177458219782700,1467,1760177458219582976,base_link,0,1,-35.3629315,149.1656431,607.5395562691742,0.09,0.0,0.0,0.0,0.09,0.0,0.0,0.0,0.09,2
1760177458471224100,1468,1760177458470698176,base_link,0,1,-35.3629282,149.165647,607.5395652558174,0.09,0.0,0.0,0.0,0.09,0.0,0.0,0.0,0.09,2
1760177458721730800,1469,1760177458719863296,base_link,0,1,-35.3629249,149.165651,607.5395743705059,0.09,0.0,0.0,0.0,0.09,0.0,0.0,0.0,0.09,2
1760177458972598800,1470,1760177458969973120,base_link,0,1,-35.3629216,149.1656549,607.5395833573562,0.09,0.0,0.0,0.0,0.09,0.0,0.0,0.0,0.09,2
1760177459217599400,1471,1760177459220147456,base_link,0,1,-35.3629188,149.1656584,607.5395912268991,0.09,0.0,0.0,0.0,0.09,0.0,0.0,0.0,0.09,2
1760177459468660700,1472,1760177459470252672,base_link,0,1,-35.3629163,149.1656613,607.5395979654675,0.09,0.0,0.0,0.0,0.09,0.0,0.0,0.0,0.09,2
1760177459719540000,1473,1760177459720418560,base_link,0,1,-35.3629144,149.1656637,607.5296033375895,0.09,0.0,0.0,0.0,0.09,0.0,0.0,0.0,0.09,2
1760177459970320600,1474,1760177459970535552,base_link,0,1,-35.362913,149.1656654,607.5296072084767,0.09,0.0,0.0,0.0,0.09,0.0,0.0,0.0,0.09,2
1760177460220883600,1475,1760177460220699648,base_link,0,1,-35.3629121,149.1656666,607.5296098339978,0.09,0.0,0.0,0.0,0.09,0.0,0.0,0.0,0.09,2
1760177460472113800,1476,1760177460471812032,base_link,0,1,-35.3629115,149.1656673,607.5296114564048,0.09,0.0,0.0,0.0,0.09,0.0,0.0,0.0,0.09,2
1760177460722527500,1477,1760177460720980992,base_link,0,1,-35.3629111,149.1656678,607.5296125806598,0.09,0.0,0.0,0.0,0.09,0.0,0.0,0.0,0.09,2
1760177460973815900,1478,1760177460971088512,base_link,0,1,-35.362911,149.165668,607.5296129576824,0.09,0.0,0.0,0.0,0.09,0.0,0.0,0.0,0.09,2
1760177461218800900,1479,1760177461221259264,base_link,0,1,-35.362911,149.1656681,607.5396130856271,0.09,0.0,0.0,0.0,0.09,0.0,0.0,0.0,0.09,2
1760177461470115400,1480,1760177461471370112,base_link,0,1,-35.3629109,149.1656682,607.539613334705,0.09,0.0,0.0,0.0,0.09,0.0,0.0,0.0,0.09,2
1760177461720910800,1481,1760177461721531904,base_link,0,1,-35.3629103,149.165669,607.5296150850642,0.09,0.0,0.0,0.0,0.09,0.0,0.0,0.0,0.09,2
1760177461971740100,1482,1760177461971645568,base_link,0,1,-35.3629087,149.165671,607.5296195821124,0.09,0.0,0.0,0.0,0.09,0.0,0.0,0.0,0.09,2
1760177462222424700,1483,1760177462221807360,base_link,0,1,-35.362906,149.1656743,607.5396270749786,0.09,0.0,0.0,0.0,0.09,0.0,0.0,0.0,0.09,2
1760177462473551400,1484,1760177462471915648,base_link,0,1,-35.3629028,149.1656782,607.5396359412872,0.09,0.0,0.0,0.0,0.09,0.0,0.0,0.0,0.09,2
1760177462724007100,1485,1760177462723087936,base_link,0,1,-35.3628994,149.1656823,607.5396453058714,0.09,0.0,0.0,0.0,0.09,0.0,0.0,0.0,0.09,2
1760177462975183100,1486,1760177462972199296,base_link,0,1,-35.3628962,149.1656861,607.5396540444355,0.09,0.0,0.0,0.0,0.09,0.0,0.0,0.0,0.09,2
1760177463220149400,1487,1760177463222362624,base_link,0,1,-35.3628933,149.1656896,607.5396620358141,0.09,0.0,0.0,0.0,0.09,0.0,0.0,0.0,0.09,2
1760177463471147100,1488,1760177463472478080,base_link,0,1,-35.3628909,149.1656925,607.5296686538417,0.09,0.0,0.0,0.0,0.09,0.0,0.0,0.0,0.09,2
1760177463721927500,1489,1760177463722643200,base_link,0,1,-35.362889,149.1656948,607.5296738984839,0.09,0.0,0.0,0.0,0.09,0.0,0.0,0.0,0.09,2
1760177463972621800,1490,1760177463972753536,base_link,0,1,-35.3628877,149.1656965,607.5296776485632,0.09,0.0,0.0,0.0,0.09,0.0,0.0,0.0,0.09,2
1760177464223652900,1491,1760177464222932992,base_link,0,1,-35.3628867,149.1656976,607.5296802675101,0.09,0.0,0.0,0.0,0.09,0.0,0.0,0.0,0.09,2
1760177464474351600,1492,1760177464473038720,base_link,0,1,-35.3628861,149.1656984,607.529682018012,0.09,0.0,0.0,0.0,0.09,0.0,0.0,0.0,0.09,2
1760177464724961200,1493,1760177464724206400,base_link,0,1,-35.3628858,149.1656989,607.5296830212136,0.09,0.0,0.0,0.0,0.09,0.0,0.0,0.0,0.09,2
1760177464976223300,1494,1760177464973323904,base_link,0,1,-35.3628857,149.1656991,607.5296833982643,0.09,0.0,0.0,0.0,0.09,0.0,0.0,0.0,0.09,2
1760177465221348200,1495,1760177465223483648,base_link,0,1,-35.3628857,149.1656991,607.5396833982643,0.09,0.0,0.0,0.0,0.09,0.0,0.0,0.0,0.09,2
1760177465472327200,1496,1760177465473596032,base_link,0,1,-35.3628856,149.1656993,607.539683775315,0.09,0.0,0.0,0.0,0.09,0.0,0.0,0.0,0.09,2
1760177465722973700,1497,1760177465723764736,base_link,0,1,-35.3628849,149.1657002,607.5296857749255,0.09,0.0,0.0,0.0,0.09,0.0,0.0,0.0,0.09,2
1760177465973635500,1498,1760177465973872000,base_link,0,1,-35.3628832,149.1657022,607.5296903935215,0.09,0.0,0.0,0.0,0.09,0.0,0.0,0.0,0.09,2
1760177466224684200,1499,1760177466224041728,base_link,0,1,-35.3628805,149.1657055,607.5396978870511,0.09,0.0,0.0,0.0,0.09,0.0,0.0,0.0,0.09,2
1760177466475462100,1500,1760177466474153344,base_link,0,1,-35.3628773,149.1657094,607.5397067541456,0.09,0.0,0.0,0.0,0.09,0.0,0.0,0.0,0.09,2
1760177466726427000,1501,1760177466725315904,base_link,0,1,-35.3628739,149.1657135,607.5397161195627,0.09,0.0,0.0,0.0,0.09,0.0,0.0,0.0,0.09,2
1760177466977138600,1502,1760177466974430336,base_link,0,1,-35.3628707,149.1657174,607.5397249868602,0.09,0.0,0.0,0.0,0.09,0.0,0.0,0.0,0.09,2
1760177467222509000,1503,1760177467224594944,base_link,0,1,-35.3628678,149.1657209,607.5397329789498,0.09,0.0,0.0,0.0,0.09,0.0,0.0,0.0,0.09,2
1760177467473511900,1504,1760177467474703744,base_link,0,1,-35.3628654,149.1657238,607.529739597566,0.09,0.0,0.0,0.0,0.09,0.0,0.0,0.0,0.09,2
1760177467724919600,1505,1760177467724876032,base_link,0,1,-35.3628635,149.1657261,607.5297448426745,0.09,0.0,0.0,0.0,0.09,0.0,0.0,0.0,0.09,2
1760177467975199000,1506,1760177467974987392,base_link,0,1,-35.3628622,149.1657277,607.529748465125,0.09,0.0,0.0,0.0,0.09,0.0,0.0,0.0,0.09,2
1760177468225962200,1507,1760177468225152000,base_link,0,1,-35.3628612,149.1657289,607.5297512122659,0.09,0.0,0.0,0.0,0.09,0.0,0.0,0.0,0.09,2
1760177468476882100,1508,1760177468475267968,base_link,0,1,-35.3628607,149.1657296,607.5297527137941,0.09,0.0,0.0,0.0,0.09,0.0,0.0,0.0,0.09,2
1760177468727295200,1509,1760177468725434112,base_link,0,1,-35.3628604,149.1657301,607.5297537170754,0.09,0.0,0.0,0.0,0.09,0.0,0.0,0.0,0.09,2
1760177468978572900,1510,1760177468976544704,base_link,0,1,-35.3628603,149.1657303,607.5297540941542,0.09,0.0,0.0,0.0,0.09,0.0,0.0,0.0,0.09,2
1760177469223406000,1511,1760177469225720576,base_link,0,1,-35.3628602,149.1657303,607.5397542153248,0.09,0.0,0.0,0.0,0.09,0.0,0.0,0.0,0.09,2
1760177469474605800,1512,1760177469475826560,base_link,0,1,-35.3628601,149.1657305,607.5397545924037,0.09,0.0,0.0,0.0,0.09,0.0,0.0,0.0,0.09,2
1760177469725340500,1513,1760177469725994240,base_link,0,1,-35.3628595,149.1657313,607.5297563430629,0.09,0.0,0.0,0.0,0.09,0.0,0.0,0.0,0.09,2
1760177469976421000,1514,1760177469976112000,base_link,0,1,-35.3628578,149.1657334,607.529761090026,0.09,0.0,0.0,0.0,0.09,0.0,0.0,0.0,0.09,2
1760177470226962500,1515,1760177470226272000,base_link,0,1,-35.3628551,149.1657366,607.5397684562621,0.09,0.0,0.0,0.0,0.09,0.0,0.0,0.0,0.09,2
1760177470478185600,1516,1760177470476384640,base_link,0,1,-35.3628519,149.1657406,607.5397774520951,0.09,0.0,0.0,0.0,0.09,0.0,0.0,0.0,0.09,2
1760177470728658300,1517,1760177470726553600,base_link,0,1,-35.3628485,149.1657446,607.5397866903862,0.09,0.0,0.0,0.0,0.09,0.0,0.0,0.0,0.09,2
1760177470979444700,1518,1760177470977660608,base_link,0,1,-35.3628453,149.1657485,607.5397955584666,0.09,0.0,0.0,0.0,0.09,0.0,0.0,0.0,0.09,2
1760177471224461600,1519,1760177471226835712,base_link,0,1,-35.3628424,149.165752,607.5398035512641,0.09,0.0,0.0,0.0,0.09,0.0,0.0,0.0,0.09,2
1760177471475509500,1520,1760177471476946048,base_link,0,1,-35.36284,149.1657549,607.5298101704662,0.09,0.0,0.0,0.0,0.09,0.0,0.0,0.0,0.09,2
1760177471726321600,1521,1760177471727108352,base_link,0,1,-35.3628381,149.1657572,607.5298154160387,0.09,0.0,0.0,0.0,0.09,0.0,0.0,0.0,0.09,2
1760177471977286500,1522,1760177471977223040,base_link,0,1,-35.3628367,149.1657589,607.5298192879542,0.09,0.0,0.0,0.0,0.09,0.0,0.0,0.0,0.09,2
1760177472228080000,1523,1760177472227392000,base_link,0,1,-35.3628358,149.1657601,607.5298219141513,0.09,0.0,0.0,0.0,0.09,0.0,0.0,0.0,0.09,2
1760177472478835400,1524,1760177472477501312,base_link,0,1,-35.3628352,149.1657608,607.5298235369951,0.09,0.0,0.0,0.0,0.09,0.0,0.0,0.0,0.09,2
1760177472729736100,1525,1760177472727673856,base_link,0,1,-35.3628349,149.1657613,607.5298245403566,0.09,0.0,0.0,0.0,0.09,0.0,0.0,0.0,0.09,2
1760177472980573500,1526,1760177472978784448,base_link,0,1,-35.3628348,149.1657615,607.5298249174634,0.09,0.0,0.0,0.0,0.09,0.0,0.0,0.0,0.09,2
1760177473226356200,1527,1760177473227949056,base_link,0,1,-35.3628348,149.1657615,607.5398249174634,0.09,0.0,0.0,0.0,0.09,0.0,0.0,0.0,0.09,2
1760177473476741600,1528,1760177473478065280,base_link,0,1,-35.3628347,149.1657617,607.5398252945706,0.09,0.0,0.0,0.0,0.09,0.0,0.0,0.0,0.09,2
1760177473727110700,1529,1760177473728227072,base_link,0,1,-35.362834,149.1657625,607.5298271665698,0.09,0.0,0.0,0.0,0.09,0.0,0.0,0.0,0.09,2
1760177473978529500,1530,1760177473978337920,base_link,0,1,-35.3628324,149.1657646,607.5298317927604,0.09,0.0,0.0,0.0,0.09,0.0,0.0,0.0,0.09,2
1760177474229457000,1531,1760177474228507648,base_link,0,1,-35.3628297,149.1657678,607.5398391596533,0.09,0.0,0.0,0.0,0.09,0.0,0.0,0.0,0.09,2
1760177474480087400,1532,1760177474478612864,base_link,0,1,-35.3628265,149.1657717,607.539848028314,0.09,0.0,0.0,0.0,0.09,0.0,0.0,0.0,0.09,2
1760177474730198200,1533,1760177474728779264,base_link,0,1,-35.3628231,149.1657758,607.5398573953912,0.09,0.0,0.0,0.0,0.09,0.0,0.0,0.0,0.09,2
1760177474976176400,1534,1760177474978896768,base_link,0,1,-35.3628199,149.1657797,607.5398662642549,0.09,0.0,0.0,0.0,0.09,0.0,0.0,0.0,0.09,2
1760177475226848500,1535,1760177475230055744,base_link,0,1,-35.362817,149.1657832,607.5398742577607,0.09,0.0,0.0,0.0,0.09,0.0,0.0,0.0,0.09,2
1760177475477762000,1536,1760177475479168384,base_link,0,1,-35.3628146,149.1657861,607.5298808775493,0.09,0.0,0.0,0.0,0.09,0.0,0.0,0.0,0.09,2
1760177475728446500,1537,1760177475729337088,base_link,0,1,-35.3628127,149.1657884,607.5298861235862,0.09,0.0,0.0,0.0,0.09,0.0,0.0,0.0,0.09,2
1760177475979632500,1538,1760177475979444352,base_link,0,1,-35.3628113,149.1657901,607.5298899958441,0.09,0.0,0.0,0.0,0.09,0.0,0.0,0.0,0.09,2
1760177476230363200,1539,1760177476229614336,base_link,0,1,-35.3628104,149.1657913,607.5298926222663,0.09,0.0,0.0,0.0,0.09,0.0,0.0,0.0,0.09,2
1760177476481149100,1540,1760177476479724416,base_link,0,1,-35.3628098,149.165792,607.5298942452555,0.09,0.0,0.0,0.0,0.09,0.0,0.0,0.0,0.09,2
1760177476732746800,1541,1760177476729886976,base_link,0,1,-35.3628095,149.1657924,607.529895120733,0.09,0.0,0.0,0.0,0.09,0.0,0.0,0.0,0.09,2
1760177476977454900,1542,1760177476980000384,base_link,0,1,-35.3628094,149.1657926,607.5298954978682,0.09,0.0,0.0,0.0,0.09,0.0,0.0,0.0,0.09,2
1760177477227905100,1543,1760177477231163200,base_link,0,1,-35.3628094,149.1657927,607.5398956258317,0.09,0.0,0.0,0.0,0.09,0.0,0.0,0.0,0.09,2
1760177477478745900,1544,1760177477480270976,base_link,0,1,-35.3628093,149.1657928,607.5398958750034,0.09,0.0,0.0,0.0,0.09,0.0,0.0,0.0,0.09,2
1760177477729394100,1545,1760177477730442496,base_link,0,1,-35.3628086,149.1657937,607.529897875135,0.09,0.0,0.0,0.0,0.09,0.0,0.0,0.0,0.09,2
1760177477980490600,1546,1760177477980545408,base_link,0,1,-35.3628069,149.1657958,607.5299026229344,0.09,0.0,0.0,0.0,0.09,0.0,0.0,0.0,0.09,2
1760177478231020500,1547,1760177478230709760,base_link,0,1,-35.3628042,149.1657991,607.5399101184504,0.09,0.0,0.0,0.0,0.09,0.0,0.0,0.0,0.09,2
1760177478482045400,1548,1760177478480825472,base_link,0,1,-35.3628009,149.165803,607.5399191091118,0.09,0.0,0.0,0.0,0.09,0.0,0.0,0.0,0.09,2
1760177478733304300,1549,1760177478730980864,base_link,0,1,-35.3627976,149.1658071,607.5399283558079,0.09,0.0,0.0,0.0,0.09,0.0,0.0,0.0,0.09,2
1760177478978916600,1550,1760177478981090944,base_link,0,1,-35.3627944,149.1658109,607.5399370974916,0.09,0.0,0.0,0.0,0.09,0.0,0.0,0.0,0.09,2
1760177479228932100,1551,1760177479232252736,base_link,0,1,-35.3627916,149.1658144,607.5399449704867,0.09,0.0,0.0,0.0,0.09,0.0,0.0,0.0,0.09,2
1760177479479658400,1552,1760177479481357696,base_link,0,1,-35.3627892,149.1658172,607.5299514628942,0.09,0.0,0.0,0.0,0.09,0.0,0.0,0.0,0.09,2
1760177479730652300,1553,1760177479731524352,base_link,0,1,-35.3627873,149.1658195,607.5299567093952,0.09,0.0,0.0,0.0,0.09,0.0,0.0,0.0,0.09,2
1760177479981740700,1554,1760177479981641088,base_link,0,1,-35.362786,149.1658212,607.5299604607699,0.09,0.0,0.0,0.0,0.09,0.0,0.0,0.0,0.09,2
1760177480232407600,1555,1760177480231799552,base_link,0,1,-35.362785,149.1658223,607.5299630806744,0.09,0.0,0.0,0.0,0.09,0.0,0.0,0.0,0.09,2
1760177480483441800,1556,1760177480481911680,base_link,0,1,-35.3627845,149.1658231,607.5299647105504,0.09,0.0,0.0,0.0,0.09,0.0,0.0,0.0,0.09,2
1760177480734413700,1557,1760177480732073472,base_link,0,1,-35.3627842,149.1658235,607.5299655861028,0.09,0.0,0.0,0.0,0.09,0.0,0.0,0.0,0.09,2
1760177480979543900,1558,1760177480982180224,base_link,0,1,-35.3627841,149.1658237,607.5299659632659,0.09,0.0,0.0,0.0,0.09,0.0,0.0,0.0,0.09,2
1760177481230085500,1559,1760177481232349696,base_link,0,1,-35.3627841,149.1658237,607.5399659632659,0.09,0.0,0.0,0.0,0.09,0.0,0.0,0.0,0.09,2
1760177481480859100,1560,1760177481483459776,base_link,0,1,-35.3627839,149.1658239,607.5399664616561,0.09,0.0,0.0,0.0,0.09,0.0,0.0,0.0,0.09,2
1760177481731668300,1561,1760177481732621056,base_link,0,1,-35.3627832,149.1658248,607.5299684619612,0.09,0.0,0.0,0.0,0.09,0.0,0.0,0.0,0.09,2
1760177481982846600,1562,1760177481982734976,base_link,0,1,-35.3627815,149.1658269,607.5299732101776,0.09,0.0,0.0,0.0,0.09,0.0,0.0,0.0,0.09,2
1760177482233421100,1563,1760177482232897280,base_link,0,1,-35.3627788,149.1658302,607.5399807063544,0.09,0.0,0.0,0.0,0.09,0.0,0.0,0.0,0.09,2
1760177482484392500,1564,1760177482483005824,base_link,0,1,-35.3627756,149.1658341,607.5399895765843,0.09,0.0,0.0,0.0,0.09,0.0,0.0,0.0,0.09,2
1760177482735217500,1565,1760177482733177856,base_link,0,1,-35.3627722,149.1658382,607.5399989453243,0.09,0.0,0.0,0.0,0.09,0.0,0.0,0.0,0.09,2
1760177482980775400,1566,1760177482983281024,base_link,0,1,-35.362769,149.1658421,607.540007815757,0.09,0.0,0.0,0.0,0.09,0.0,0.0,0.0,0.09,2
1760177483231775700,1567,1760177483233445376,base_link,0,1,-35.3627662,149.1658455,607.54001556147,0.09,0.0,0.0,0.0,0.09,0.0,0.0,0.0,0.09,2
1760177483482287100,1568,1760177483484561088,base_link,0,1,-35.3627638,149.1658484,607.5400221824307,0.09,0.0,0.0,0.0,0.09,0.0,0.0,0.0,0.09,2
1760177483733048900,1569,1760177483733717248,base_link,0,1,-35.3627619,149.1658507,607.530027429396,0.09,0.0,0.0,0.0,0.09,0.0,0.0,0.0,0.09,2
1760177483983966700,1570,1760177483983827584,base_link,0,1,-35.3627606,149.1658524,607.5300311810943,0.09,0.0,0.0,0.0,0.09,0.0,0.0,0.0,0.09,2
1760177484235363200,1571,1760177484233993472,base_link,0,1,-35.3627596,149.1658535,607.530033801238,0.09,0.0,0.0,0.0,0.09,0.0,0.0,0.0,0.09,2
1760177484485868700,1572,1760177484484098688,base_link,0,1,-35.3627591,149.1658542,607.5300353032726,0.09,0.0,0.0,0.0,0.09,0.0,0.0,0.0,0.09,2
1760177484736237900,1573,1760177484734266112,base_link,0,1,-35.3627588,149.1658547,607.5300363068727,0.09,0.0,0.0,0.0,0.09,0.0,0.0,0.0,0.09,2
1760177484981404900,1574,1760177484984377728,base_link,0,1,-35.3627586,149.1658549,607.5400368053097,0.09,0.0,0.0,0.0,0.09,0.0,0.0,0.0,0.09,2
1760177485232616600,1575,1760177485234536448,base_link,0,1,-35.3627586,149.1658549,607.5400368053097,0.09,0.0,0.0,0.0,0.09,0.0,0.0,0.0,0.09,2
1760177485483572000,1576,1760177485485648320,base_link,0,1,-35.3627585,149.1658551,607.540037182501,0.09,0.0,0.0,0.0,0.09,0.0,0.0,0.0,0.09,2
1760177485734510000,1577,1760177485734815744,base_link,0,1,-35.3627578,149.165856,607.5300391829796,0.09,0.0,0.0,0.0,0.09,0.0,0.0,0.0,0.09,2
1760177485985175800,1578,1760177485984922240,base_link,0,1,-35.3627561,149.1658582,607.5300440595868,0.09,0.0,0.0,0.0,0.09,0.0,0.0,0.0,0.09,2
1760177486235778900,1579,1760177486235092480,base_link,0,1,-35.3627534,149.1658615,607.5400515564254,0.09,0.0,0.0,0.0,0.09,0.0,0.0,0.0,0.09,2
1760177486486690900,1580,1760177486485202816,base_link,0,1,-35.3627501,149.1658654,607.540060548691,0.09,0.0,0.0,0.0,0.09,0.0,0.0,0.0,0.09,2
1760177486737665000,1581,1760177486735364096,base_link,0,1,-35.3627467,149.1658695,607.5400699182644,0.09,0.0,0.0,0.0,0.09,0.0,0.0,0.0,0.09,2
1760177486983396800,1582,1760177486985478016,base_link,0,1,-35.3627435,149.1658734,607.5400787894833,0.09,0.0,0.0,0.0,0.09,0.0,0.0,0.0,0.09,2
1760177487233993100,1583,1760177487235640320,base_link,0,1,-35.3627407,149.1658768,607.5400865358836,0.09,0.0,0.0,0.0,0.09,0.0,0.0,0.0,0.09,2
1760177487485149900,1584,1760177487485748864,base_link,0,1,-35.3627383,149.1658797,607.5300931574328,0.09,0.0,0.0,0.0,0.09,0.0,0.0,0.0,0.09,2
1760177487735631500,1585,1760177487736920640,base_link,0,1,-35.3627364,149.1658819,607.5300982768871,0.09,0.0,0.0,0.0,0.09,0.0,0.0,0.0,0.09,2
1760177487985951500,1586,1760177487986023552,base_link,0,1,-35.3627351,149.1658836,607.53010202891,0.09,0.0,0.0,0.0,0.09,0.0,0.0,0.0,0.09,2
1760177488236863300,1587,1760177488236187392,base_link,0,1,-35.3627342,149.1658847,607.53010452803,0.09,0.0,0.0,0.0,0.09,0.0,0.0,0.0,0.09,2
1760177488487744700,1588,1760177488486302336,base_link,0,1,-35.3627336,149.1658855,607.5301062794327,0.09,0.0,0.0,0.0,0.09,0.0,0.0,0.0,0.09,2
1760177488738300100,1589,1760177488736457216,base_link,0,1,-35.3627333,149.1658859,607.5301071551354,0.09,0.0,0.0,0.0,0.09,0.0,0.0,0.0,0.09,2
1760177488984552500,1590,1760177488986567040,base_link,0,1,-35.3627332,149.1658861,607.5401075323549,0.09,0.0,0.0,0.0,0.09,0.0,0.0,0.0,0.09,2
1760177489234622600,1591,1760177489236731904,base_link,0,1,-35.3627332,149.1658861,607.5401075323549,0.09,0.0,0.0,0.0,0.09,0.0,0.0,0.0,0.09,2
1760177489485526400,1592,1760177489486836608,base_link,0,1,-35.3627332,149.1658861,607.5401075323549,0.09,0.0,0.0,0.0,0.09,0.0,0.0,0.0,0.09,2
1760177489736077100,1593,1760177489738002752,base_link,0,1,-35.3627333,149.1658861,607.5401074110905,0.09,0.0,0.0,0.0,0.09,0.0,0.0,0.0,0.09,2
1760177489987452300,1594,1760177489987110528,base_link,0,1,-35.3627334,149.1658859,607.5401070338711,0.09,0.0,0.0,0.0,0.09,0.0,0.0,0.0,0.09,2
1760177490238081200,1595,1760177490237268992,base_link,0,1,-35.3627335,149.1658858,607.5401067846293,0.09,0.0,0.0,0.0,0.09,0.0,0.0,0.0,0.09,2
1760177490488596900,1596,1760177490487380864,base_link,0,1,-35.3627336,149.1658857,607.5401065353876,0.09,0.0,0.0,0.0,0.09,0.0,0.0,0.0,0.09,2
1760177490739555300,1597,1760177490737540608,base_link,0,1,-35.3627336,149.1658856,607.5401064074101,0.09,0.0,0.0,0.0,0.09,0.0,0.0,0.0,0.09,2
1760177490985508300,1598,1760177490987647104,base_link,0,1,-35.3627337,149.1658854,607.5401060301912,0.09,0.0,0.0,0.0,0.09,0.0,0.0,0.0,0.09,2
1760177491235906900,1599,1760177491237821696,base_link,0,1,-35.3627338,149.1658853,607.5401057809497,0.09,0.0,0.0,0.0,0.09,0.0,0.0,0.0,0.09,2
1760177491487106500,1600,1760177491487923328,base_link,0,1,-35.3627338,149.1658852,607.5401056529722,0.09,0.0,0.0,0.0,0.09,0.0,0.0,0.0,0.09,2
1760177491737393800,1601,1760177491739084608,base_link,0,1,-35.3627339,149.1658852,607.5401055317084,0.09,0.0,0.0,0.0,0.09,0.0,0.0,0.0,0.09,2
1760177491988453500,1602,1760177491988199808,base_link,0,1,-35.3627339,149.1658851,607.5401054037309,0.09,0.0,0.0,0.0,0.09,0.0,0.0,0.0,0.09,2
1760177492238934200,1603,1760177492238363648,base_link,0,1,-35.362734,149.165885,607.5401051544897,0.09,0.0,0.0,0.0,0.09,0.0,0.0,0.0,0.09,2
1760177492489936900,1604,1760177492488472192,base_link,0,1,-35.362734,149.1658849,607.5401050265123,0.09,0.0,0.0,0.0,0.09,0.0,0.0,0.0,0.09,2
1760177492740866500,1605,1760177492738636544,base_link,0,1,-35.3627341,149.1658849,607.5401049052485,0.09,0.0,0.0,0.0,0.09,0.0,0.0,0.0,0.09,2
1760177492985978200,1606,1760177492988739456,base_link,0,1,-35.3627341,149.1658848,607.5401047772712,0.09,0.0,0.0,0.0,0.09,0.0,0.0,0.0,0.09,2
1760177493236453300,1607,1760177493238904576,base_link,0,1,-35.3627341,149.1658848,607.5401047772712,0.09,0.0,0.0,0.0,0.09,0.0,0.0,0.0,0.09,2
1760177493488008900,1608,1760177493489020288,base_link,0,1,-35.3627342,149.1658848,607.5401046560074,0.09,0.0,0.0,0.0,0.09,0.0,0.0,0.0,0.09,2
1760177493738834100,1609,1760177493739176192,base_link,0,1,-35.3627342,149.1658848,607.5401046560074,0.09,0.0,0.0,0.0,0.09,0.0,0.0,0.0,0.09,2
1760177493989617600,1610,1760177493990286528,base_link,0,1,-35.3627342,149.1658847,607.54010452803,0.09,0.0,0.0,0.0,0.09,0.0,0.0,0.0,0.09,2
1760177494240117500,1611,1760177494239451392,base_link,0,1,-35.3627342,149.1658847,607.54010452803,0.09,0.0,0.0,0.0,0.09,0.0,0.0,0.0,0.09,2
1760177494491007800,1612,1760177494489556096,base_link,0,1,-35.3627342,149.1658847,607.54010452803,0.09,0.0,0.0,0.0,0.09,0.0,0.0,0.0,0.09,2
1760177494741919800,1613,1760177494739722240,base_link,0,1,-35.3627342,149.1658847,607.54010452803,0.09,0.0,0.0,0.0,0.09,0.0,0.0,0.0,0.09,2
1760177494987104400,1614,1760177494989830016,base_link,0,1,-35.3627342,149.1658847,607.54010452803,0.09,0.0,0.0,0.0,0.09,0.0,0.0,0.0,0.09,2
1760177495237852800,1615,1760177495239988480,base_link,0,1,-35.3627342,149.1658847,607.54010452803,0.09,0.0,0.0,0.0,0.09,0.0,0.0,0.0,0.09,2
1760177495489038400,1616,1760177495490100352,base_link,0,1,-35.3627342,149.1658847,607.54010452803,0.09,0.0,0.0,0.0,0.09,0.0,0.0,0.0,0.09,2
1760177495739737100,1617,1760177495740260352,base_link,0,1,-35.3627342,149.1658847,607.54010452803,0.09,0.0,0.0,0.0,0.09,0.0,0.0,0.0,0.09,2
1760177495990884700,1618,1760177495991367360,base_link,0,1,-35.3627342,149.1658847,607.54010452803,0.09,0.0,0.0,0.0,0.09,0.0,0.0,0.0,0.09,2
1760177496241255400,1619,1760177496240536064,base_link,0,1,-35.3627342,149.1658847,607.54010452803,0.09,0.0,0.0,0.0,0.09,0.0,0.0,0.0,0.09,2
1760177496492295500,1620,1760177496490637696,base_link,0,1,-35.3627342,149.1658847,607.53010452803,0.09,0.0,0.0,0.0,0.09,0.0,0.0,0.0,0.09,2
1760177496743098600,1621,1760177496740798720,base_link,0,1,-35.3627342,149.1658847,607.53010452803,0.09,0.0,0.0,0.0,0.09,0.0,0.0,0.0,0.09,2
1760177496988577300,1622,1760177496990913152,base_link,0,1,-35.3627342,149.1658847,607.53010452803,0.09,0.0,0.0,0.0,0.09,0.0,0.0,0.0,0.09,2
1760177497238904000,1623,1760177497241070080,base_link,0,1,-35.3627342,149.1658847,607.53010452803,0.09,0.0,0.0,0.0,0.09,0.0,0.0,0.0,0.09,2
1760177497490290400,1624,1760177497491178112,base_link,0,1,-35.3627342,149.1658847,607.53010452803,0.09,0.0,0.0,0.0,0.09,0.0,0.0,0.0,0.09,2
1760177497740718100,1625,1760177497741345792,base_link,0,1,-35.3627342,149.1658847,607.53010452803,0.09,0.0,0.0,0.0,0.09,0.0,0.0,0.0,0.09,2
1760177497991563600,1626,1760177497992449728,base_link,0,1,-35.3627342,149.1658847,607.53010452803,0.09,0.0,0.0,0.0,0.09,0.0,0.0,0.0,0.09,2
1760177498242497000,1627,1760177498241613568,base_link,0,1,-35.3627342,149.1658847,607.53010452803,0.09,0.0,0.0,0.0,0.09,0.0,0.0,0.0,0.09,2
1760177498493355400,1628,1760177498491728768,base_link,0,1,-35.3627342,149.1658847,607.53010452803,0.09,0.0,0.0,0.0,0.09,0.0,0.0,0.0,0.09,2
1760177498744190200,1629,1760177498741884672,base_link,0,1,-35.3627342,149.1658847,607.53010452803,0.09,0.0,0.0,0.0,0.09,0.0,0.0,0.0,0.09,2
1760177498989720500,1630,1760177498991994752,base_link,0,1,-35.3627342,149.1658847,607.53010452803,0.09,0.0,0.0,0.0,0.09,0.0,0.0,0.0,0.09,2
1760177499240493900,1631,1760177499242152704,base_link,0,1,-35.3627342,149.1658847,607.54010452803,0.09,0.0,0.0,0.0,0.09,0.0,0.0,0.0,0.09,2
1760177499491409000,1632,1760177499492257920,base_link,0,1,-35.3627342,149.1658847,607.54010452803,0.09,0.0,0.0,0.0,0.09,0.0,0.0,0.0,0.09,2
1760177499741716300,1633,1760177499742424832,base_link,0,1,-35.3627342,149.1658847,607.54010452803,0.09,0.0,0.0,0.0,0.09,0.0,0.0,0.0,0.09,2
1760177499992765700,1634,1760177499992534656,base_link,0,1,-35.3627342,149.1658847,607.54010452803,0.09,0.0,0.0,0.0,0.09,0.0,0.0,0.0,0.09,2
1760177500243872600,1635,1760177500243693632,base_link,0,1,-35.3627342,149.1658847,607.54010452803,0.09,0.0,0.0,0.0,0.09,0.0,0.0,0.0,0.09,2
1760177500494575800,1636,1760177500492805504,base_link,0,1,-35.3627342,149.1658847,607.54010452803,0.09,0.0,0.0,0.0,0.09,0.0,0.0,0.0,0.09,2
1760177500745109500,1637,1760177500742970880,base_link,0,1,-35.3627342,149.1658847,607.54010452803,0.09,0.0,0.0,0.0,0.09,0.0,0.0,0.0,0.09,2
1760177500991143900,1638,1760177500993077888,base_link,0,1,-35.3627342,149.1658847,607.54010452803,0.09,0.0,0.0,0.0,0.09,0.0,0.0,0.0,0.09,2
1760177501241325400,1639,1760177501243246848,base_link,0,1,-35.3627342,149.1658847,607.54010452803,0.09,0.0,0.0,0.0,0.09,0.0,0.0,0.0,0.09,2
1760177501492347300,1640,1760177501493348736,base_link,0,1,-35.3627342,149.1658847,607.54010452803,0.09,0.0,0.0,0.0,0.09,0.0,0.0,0.0,0.09,2
1760177501743083300,1641,1760177501743510528,base_link,0,1,-35.3627342,149.1658847,607.54010452803,0.09,0.0,0.0,0.0,0.09,0.0,0.0,0.0,0.09,2
1760177501993759100,1642,1760177501993624960,base_link,0,1,-35.3627342,149.1658847,607.54010452803,0.09,0.0,0.0,0.0,0.09,0.0,0.0,0.0,0.09,2
1760177502244953600,1643,1760177502244779584,base_link,0,1,-35.3627342,149.1658847,607.54010452803,0.09,0.0,0.0,0.0,0.09,0.0,0.0,0.0,0.09,2
1760177502495815700,1644,1760177502493888640,base_link,0,1,-35.3627342,149.1658847,607.54010452803,0.09,0.0,0.0,0.0,0.09,0.0,0.0,0.0,0.09,2
1760177502746494000,1645,1760177502744053248,base_link,0,1,-35.3627342,149.1658847,607.54010452803,0.09,0.0,0.0,0.0,0.09,0.0,0.0,0.0,0.09,2
1760177502991844600,1646,1760177502994156928,base_link,0,1,-35.3627342,149.1658847,607.54010452803,0.09,0.0,0.0,0.0,0.09,0.0,0.0,0.0,0.09,2
1760177503242539100,1647,1760177503244321536,base_link,0,1,-35.3627342,149.1658847,607.53010452803,0.09,0.0,0.0,0.0,0.09,0.0,0.0,0.0,0.09,2
1760177503493374800,1648,1760177503494429056,base_link,0,1,-35.3627342,149.1658847,607.53010452803,0.09,0.0,0.0,0.0,0.09,0.0,0.0,0.0,0.09,2
1760177503744356200,1649,1760177503744585728,base_link,0,1,-35.3627342,149.1658847,607.53010452803,0.09,0.0,0.0,0.0,0.09,0.0,0.0,0.0,0.09,2
1760177503995006100,1650,1760177503994696576,base_link,0,1,-35.3627343,149.1658847,607.5301044067664,0.09,0.0,0.0,0.0,0.09,0.0,0.0,0.0,0.09,2
1760177504246187900,1651,1760177504245854016,base_link,0,1,-35.3627343,149.1658847,607.5301044067664,0.09,0.0,0.0,0.0,0.09,0.0,0.0,0.0,0.09,2
1760177504496968000,1652,1760177504494959488,base_link,0,1,-35.3627343,149.1658847,607.5301044067664,0.09,0.0,0.0,0.0,0.09,0.0,0.0,0.0,0.09,2
1760177504747755000,1653,1760177504745126912,base_link,0,1,-35.3627343,149.1658847,607.5301044067664,0.09,0.0,0.0,0.0,0.09,0.0,0.0,0.0,0.09,2
1760177504992859500,1654,1760177504995236224,base_link,0,1,-35.3627343,149.1658847,607.5301044067664,0.09,0.0,0.0,0.0,0.09,0.0,0.0,0.0,0.09,2
1760177505243626600,1655,1760177505245395712,base_link,0,1,-35.3627343,149.1658847,607.5301044067664,0.09,0.0,0.0,0.0,0.09,0.0,0.0,0.0,0.09,2
1760177505494518600,1656,1760177505495507840,base_link,0,1,-35.3627343,149.1658847,607.5301044067664,0.09,0.0,0.0,0.0,0.09,0.0,0.0,0.0,0.09,2
1760177505745350100,1657,1760177505745668608,base_link,0,1,-35.3627343,149.1658847,607.5401044067664,0.09,0.0,0.0,0.0,0.09,0.0,0.0,0.0,0.09,2
1760177505996749800,1658,1760177505995775872,base_link,0,1,-35.3627343,149.1658847,607.5401044067664,0.09,0.0,0.0,0.0,0.09,0.0,0.0,0.0,0.09,2
1760177506247036700,1659,1760177506245946112,base_link,0,1,-35.3627343,149.1658847,607.5401044067664,0.09,0.0,0.0,0.0,0.09,0.0,0.0,0.0,0.09,2
1760177506498004500,1660,1760177506497048256,base_link,0,1,-35.3627342,149.1658847,607.54010452803,0.09,0.0,0.0,0.0,0.09,0.0,0.0,0.0,0.09,2
1760177506748682800,1661,1760177506746210048,base_link,0,1,-35.3627342,149.1658847,607.54010452803,0.09,0.0,0.0,0.0,0.09,0.0,0.0,0.0,0.09,2
1760177506994110900,1662,1760177506996323968,base_link,0,1,-35.3627342,149.1658847,607.54010452803,0.09,0.0,0.0,0.0,0.09,0.0,0.0,0.0,0.09,2
1760177507244872300,1663,1760177507246481152,base_link,0,1,-35.3627342,149.1658847,607.54010452803,0.09,0.0,0.0,0.0,0.09,0.0,0.0,0.0,0.09,2
1760177507496099400,1664,1760177507496589696,base_link,0,1,-35.3627342,149.1658847,607.54010452803,0.09,0.0,0.0,0.0,0.09,0.0,0.0,0.0,0.09,2
1760177507746553100,1665,1760177507746754048,base_link,0,1,-35.3627342,149.1658847,607.54010452803,0.09,0.0,0.0,0.0,0.09,0.0,0.0,0.0,0.09,2
1760177507997310500,1666,1760177507996858240,base_link,0,1,-35.3627342,149.1658847,607.54010452803,0.09,0.0,0.0,0.0,0.09,0.0,0.0,0.0,0.09,2
1760177508248688800,1667,1760177508247023104,base_link,0,1,-35.3627342,149.1658847,607.54010452803,0.09,0.0,0.0,0.0,0.09,0.0,0.0,0.0,0.09,2
1760177508499050000,1668,1760177508498137792,base_link,0,1,-35.3627342,149.1658847,607.54010452803,0.09,0.0,0.0,0.0,0.09,0.0,0.0,0.0,0.09,2
1760177508750073300,1669,1760177508747294464,base_link,0,1,-35.3627342,149.1658847,607.54010452803,0.09,0.0,0.0,0.0,0.09,0.0,0.0,0.0,0.09,2
1760177508995319000,1670,1760177508997405312,base_link,0,1,-35.3627342,149.1658847,607.54010452803,0.09,0.0,0.0,0.0,0.09,0.0,0.0,0.0,0.09,2
1760177509246037800,1671,1760177509247562752,base_link,0,1,-35.3627342,149.1658847,607.54010452803,0.09,0.0,0.0,0.0,0.09,0.0,0.0,0.0,0.09,2
1760177509496719000,1672,1760177509497667968,base_link,0,1,-35.3627342,149.1658847,607.54010452803,0.09,0.0,0.0,0.0,0.09,0.0,0.0,0.0,0.09,2
1760177509747592300,1673,1760177509747836160,base_link,0,1,-35.3627342,149.1658847,607.54010452803,0.09,0.0,0.0,0.0,0.09,0.0,0.0,0.0,0.09,2
1760177509998619200,1674,1760177509997944704,base_link,0,1,-35.3627342,149.1658847,607.54010452803,0.09,0.0,0.0,0.0,0.09,0.0,0.0,0.0,0.09,2
1760177510249257500,1675,1760177510248109568,base_link,0,1,-35.3627342,149.1658847,607.54010452803,0.09,0.0,0.0,0.0,0.09,0.0,0.0,0.0,0.09,2
1760177510500267900,1676,1760177510499221952,base_link,0,1,-35.3627342,149.1658847,607.53010452803,0.09,0.0,0.0,0.0,0.09,0.0,0.0,0.0,0.09,2
1760177510750961500,1677,1760177510748382208,base_link,0,1,-35.3627342,149.1658847,607.53010452803,0.09,0.0,0.0,0.0,0.09,0.0,0.0,0.0,0.09,2
1760177510996317000,1678,1760177510998489472,base_link,0,1,-35.3627342,149.1658847,607.53010452803,0.09,0.0,0.0,0.0,0.09,0.0,0.0,0.0,0.09,2
1760177511247350800,1679,1760177511248659456,base_link,0,1,-35.3627342,149.1658847,607.53010452803,0.09,0.0,0.0,0.0,0.09,0.0,0.0,0.0,0.09,2
1760177511497839400,1680,1760177511498762880,base_link,0,1,-35.3627342,149.1658847,607.53010452803,0.09,0.0,0.0,0.0,0.09,0.0,0.0,0.0,0.09,2
1760177511748683200,1681,1760177511748924672,base_link,0,1,-35.3627342,149.1658847,607.53010452803,0.09,0.0,0.0,0.0,0.09,0.0,0.0,0.0,0.09,2
1760177511999562100,1682,1760177511999038592,base_link,0,1,-35.3627342,149.1658847,607.53010452803,0.09,0.0,0.0,0.0,0.09,0.0,0.0,0.0,0.09,2
1760177512250901700,1683,1760177512249192960,base_link,0,1,-35.3627342,149.1658847,607.53010452803,0.09,0.0,0.0,0.0,0.09,0.0,0.0,0.0,0.09,2
1760177512501218500,1684,1760177512499302272,base_link,0,1,-35.3627342,149.1658847,607.53010452803,0.09,0.0,0.0,0.0,0.09,0.0,0.0,0.0,0.09,2
1760177512752284700,1685,1760177512750465856,base_link,0,1,-35.3627342,149.1658847,607.53010452803,0.09,0.0,0.0,0.0,0.09,0.0,0.0,0.0,0.09,2
1760177512997270200,1686,1760177512999570048,base_link,0,1,-35.3627342,149.1658847,607.53010452803,0.09,0.0,0.0,0.0,0.09,0.0,0.0,0.0,0.09,2
1760177513248102000,1687,1760177513249735680,base_link,0,1,-35.3627342,149.1658847,607.53010452803,0.09,0.0,0.0,0.0,0.09,0.0,0.0,0.0,0.09,2
1760177513498946100,1688,1760177513499842944,base_link,0,1,-35.3627342,149.1658847,607.54010452803,0.09,0.0,0.0,0.0,0.09,0.0,0.0,0.0,0.09,2
1760177513749972800,1689,1760177513749999872,base_link,0,1,-35.3627342,149.1658847,607.54010452803,0.09,0.0,0.0,0.0,0.09,0.0,0.0,0.0,0.09,2
1760177514000929300,1690,1760177514000110976,base_link,0,1,-35.3627342,149.1658847,607.54010452803,0.09,0.0,0.0,0.0,0.09,0.0,0.0,0.0,0.09,2
1760177514251413300,1691,1760177514250269952,base_link,0,1,-35.3627342,149.1658847,607.54010452803,0.09,0.0,0.0,0.0,0.09,0.0,0.0,0.0,0.09,2
1760177514502956900,1692,1760177514500375424,base_link,0,1,-35.3627342,149.1658847,607.54010452803,0.09,0.0,0.0,0.0,0.09,0.0,0.0,0.0,0.09,2
1760177514753077500,1693,1760177514751543104,base_link,0,1,-35.3627342,149.1658847,607.54010452803,0.09,0.0,0.0,0.0,0.09,0.0,0.0,0.0,0.09,2
1760177514998380000,1694,1760177515000647552,base_link,0,1,-35.3627342,149.1658847,607.54010452803,0.09,0.0,0.0,0.0,0.09,0.0,0.0,0.0,0.09,2
1760177515249134200,1695,1760177515250808576,base_link,0,1,-35.3627342,149.1658847,607.54010452803,0.09,0.0,0.0,0.0,0.09,0.0,0.0,0.0,0.09,2
1760177515499938700,1696,1760177515500921216,base_link,0,1,-35.3627342,149.1658847,607.54010452803,0.09,0.0,0.0,0.0,0.09,0.0,0.0,0.0,0.09,2
1760177515751133500,1697,1760177515751082496,base_link,0,1,-35.3627342,149.1658847,607.54010452803,0.09,0.0,0.0,0.0,0.09,0.0,0.0,0.0,0.09,2
1760177516002005500,1698,1760177516001190016,base_link,0,1,-35.3627342,149.1658847,607.54010452803,0.09,0.0,0.0,0.0,0.09,0.0,0.0,0.0,0.09,2
1760177516252639600,1699,1760177516251361024,base_link,0,1,-35.3627342,149.1658847,607.54010452803,0.09,0.0,0.0,0.0,0.09,0.0,0.0,0.0,0.09,2
1760177516503754200,1700,1760177516501463424,base_link,0,1,-35.3627342,149.1658847,607.54010452803,0.09,0.0,0.0,0.0,0.09,0.0,0.0,0.0,0.09,2
1760177516754360000,1701,1760177516752626496,base_link,0,1,-35.3627342,149.1658847,607.54010452803,0.09,0.0,0.0,0.0,0.09,0.0,0.0,0.0,0.09,2
